Names,Games,Minutes,Points,OffRebounds,Rebounds,Assists,Steals,Blocks,Fgm,Fga,Fta,Fg%,3pm,3pa,3p%,Ftm,Ft%
Ansu Sesay,27,586,195,,103,32,12,17,63,178,76,.354,17,72,.236,52,.684
Brian Shaw,14,129,40,,12,23,4,2,13,36,19,.361,,,,14,.737
Paul Shirley,19,180,44,10,29,9,13,3,12,25,30,.480,0,0,,20,.667
Bobby Simmons,31,949,347,,190,82,53,3,112,300,116,.373,31,112,.277,92,.793
Brian Skinner,18,501,236,,147,9,15,69,98,164,95,.598,0,0,,40,.421
Reggie Slater,31,703,193,,211,6,19,16,66,117,102,.564,0,1,.000,61,.598
Tamar Slay,27,401,162,20,68,36,17,7,60,161,29,.373,22,73,.301,20,.690
Charles Smith,31,799,313,,113,68,28,20,121,290,51,.417,40,119,.336,31,.608
Joe Smith,30,988,582,,321,25,42,93,206,395,229,.522,2,5,.400,168,.734
Steve Smith,28,812,299,,112,82,27,2,108,232,91,.466,14,30,.467,69,.758
Eric Snow,25,144,27,,15,24,6,0,12,25,15,.480,0,2,.000,3,.200
Latrell Sprewell,33,865,295,,165,62,14,62,116,227,84,.511,5,12,.417,58,.690
Jerry Stackhouse,35,734,428,,176,69,42,17,138,296,205,.466,2,20,.100,150,.732
Vladimir Stepania,DNP,DNP,DNP,DNP,DNP,DNP,DNP,DNP,DNP,DNP,DNP,DNP,DNP,DNP,DNP,DNP,DNP
DeShawn Stevenson,DNP,DNP,DNP,DNP,DNP,DNP,DNP,DNP,DNP,DNP,DNP,DNP,DNP,DNP,DNP,DNP,DNP
Michael Stewart,30,696,111,,152,9,13,59,40,85,65,.471,0,0,,31,.477
John Stockton*,25,235,78,,11,34,17,1,26,45,35,.578,,,,26,.743
Peja Stojaković,DNP,DNP,DNP,DNP,DNP,DNP,DNP,DNP,DNP,DNP,DNP,DNP,DNP,DNP,DNP,DNP,DNP
Damon Stoudamire,30,540,217,,65,76,22,3,76,167,48,.455,28,69,.406,37,.771
Amar'e Stoudemire,DNP,DNP,DNP,DNP,DNP,DNP,DNP,DNP,DNP,DNP,DNP,DNP,DNP,DNP,DNP,DNP,DNP
Erick Strickland,31,534,243,,63,66,47,4,84,185,59,.454,32,88,.364,43,.729
Mark Strickland,31,679,154,,161,6,19,32,68,137,49,.496,0,3,.000,18,.367
Rod Strickland,31,1063,437,,84,159,69,5,176,354,126,.497,,,,85,.675
Bruno Šundov,DNP,DNP,DNP,DNP,DNP,DNP,DNP,DNP,DNP,DNP,DNP,DNP,DNP,DNP,DNP,DNP,DNP
Bob Sura,31,872,380,,107,76,41,5,124,269,150,.461,39,98,.398,94,.627
Stromile Swift,16,319,121,,69,5,15,35,45,110,50,.409,1,8,.125,30,.600
Wally Szczerbiak,22,382,176,,72,23,6,11,66,127,28,.520,22,47,.468,22,.786
Maurice Taylor,31,830,384,65,158,36,14,34,161,342,98,.471,3,7,.429,59,.602
Jason Terry,31,303,95,,23,35,19,0,32,59,27,.542,15,26,.577,16,.593
Etan Thomas,25,408,143,,105,3,9,48,55,103,71,.534,0,0,,33,.465
Kenny Thomas,33,981,484,,256,53,21,50,170,294,203,.578,0,3,.000,144,.709
Kurt Thomas,12,42,23,,13,2,1,2,8,18,14,.444,0,2,.000,7,.500
Tim Thomas,32,1005,542,,193,66,56,33,187,416,152,.450,47,140,.336,121,.796
Jamaal Tinsley,37,1212,407,,189,244,98,37,145,384,151,.378,15,62,.242,102,.675
Óscar Torres,DNP,DNP,DNP,DNP,DNP,DNP,DNP,DNP,DNP,DNP,DNP,DNP,DNP,DNP,DNP,DNP,DNP
Robert Traylor,22,438,198,,130,12,19,15,82,148,62,.554,0,0,,34,.548
Gary Trent,27,892,514,,250,42,12,26,194,298,181,.651,0,1,.000,126,.696
Jeff Trepagnier,28,459,149,,98,21,28,14,52,129,63,.403,5,25,.200,40,.635
Cezary Trybański,DNP,DNP,DNP,DNP,DNP,DNP,DNP,DNP,DNP,DNP,DNP,DNP,DNP,DNP,DNP,DNP,DNP
Jake Tsakalidis,DNP,DNP,DNP,DNP,DNP,DNP,DNP,DNP,DNP,DNP,DNP,DNP,DNP,DNP,DNP,DNP,DNP
Nikoloz Tskitishvili,DNP,DNP,DNP,DNP,DNP,DNP,DNP,DNP,DNP,DNP,DNP,DNP,DNP,DNP,DNP,DNP,DNP
Hedo Türkoğlu,DNP,DNP,DNP,DNP,DNP,DNP,DNP,DNP,DNP,DNP,DNP,DNP,DNP,DNP,DNP,DNP,DNP
Nick Van Exel,31,,559,,101,166,,,200,415,128,.482,71,186,.382,88,.688
Keith Van Horn,25,740,457,,208,21,19,41,161,312,129,.516,35,79,.443,100,.775
Jacque Vaughn,35,896,273,,89,181,38,1,91,195,94,.467,28,70,.400,63,.670
Jake Voskuhl,33,678,132,,181,20,23,46,48,99,57,.485,0,0,,36,.632
Dajuan Wagner,36,1146,762,18,89,128,43,20,265,647,230,.410,66,208,.317,166,.722
Antoine Walker,33,479,259,,148,47,28,8,95,227,73,.419,17,55,.309,52,.712
Samaki Walker,29,841,396,,210,37,17,78,153,279,164,.548,2,6,.333,88,.537
Ben Wallace*,31,,445,,295,27,36,111,180,330,209,.545,,,,85,.407
Gerald Wallace,36,824,351,84,216,55,42,37,126,288,155,.438,11,63,.175,88,.568
Rasheed Wallace,35,732,333,,232,18,24,63,139,230,91,.604,0,1,.000,55,.604
Charlie Ward,30,715,239,,89,103,71,8,81,178,87,.455,15,48,.313,62,.713
Earl Watson,33,1057,191,,122,104,64,12,65,166,66,.392,21,65,.323,40,.606
Clarence Weatherspoon,27,915,397,,289,30,31,44,152,279,156,.545,1,3,.333,92,.590
Chris Webber*,34,1088,528,,340,76,54,84,229,412,113,.556,14,54,.259,56,.496
Bonzi Wells,30,887,474,,183,84,84,18,177,380,141,.466,33,99,.333,87,.617
Jiří Welsch,DNP,DNP,DNP,DNP,DNP,DNP,DNP,DNP,DNP,DNP,DNP,DNP,DNP,DNP,DNP,DNP,DNP
David Wesley,16,394,208,,39,37,30,2,61,134,73,.455,25,56,.446,61,.836
Jahidi White,26,201,61,,46,2,8,23,24,56,35,.429,0,0,,13,.371
Rodney White,28,865,523,50,182,41,34,20,188,386,160,.487,33,95,.347,114,.713
Chris Whitney,28,982,374,16,92,161,41,0,119,290,73,.410,80,191,.419,56,.767
Chris Wilcox,DNP,DNP,DNP,DNP,DNP,DNP,DNP,DNP,DNP,DNP,DNP,DNP,DNP,DNP,DNP,DNP,DNP
Mike Wilks,28,616,135,,73,72,30,2,46,129,58,.357,7,23,.304,36,.621
Aaron Williams,28,278,62,,76,6,6,28,27,47,20,.574,0,0,,8,.400
Alvin Williams,31,721,245,,87,88,41,3,79,203,96,.389,20,51,.392,67,.698
Brandon Williams,28,,187,,99,19,20,13,68,160,62,.425,13,36,.361,38,.613
Eric Williams,30,781,470,,151,37,36,53,166,327,209,.508,0,5,.000,138,.660
Frank Williams,32,972,366,,110,131,74,9,125,327,92,.382,42,133,.316,74,.804
Jason Williams,28,816,375,,99,178,50,9,144,276,70,.522,35,92,.380,52,.743
Jay Williams,34,1157,492,,143,220,81,6,179,427,89,.419,73,206,.354,61,.685
Jerome Williams,31,939,337,,310,45,38,11,126,252,132,.500,2,11,.182,83,.629
Monty Williams,29,588,222,,108,31,15,16,83,172,73,.483,2,10,.200,54,.740
Scott Williams,36,540,199,,150,31,29,27,78,157,77,.497,0,1,.000,43,.558
Shammond Williams,29,132,48,,12,20,7,0,12,31,21,.387,6,20,.300,18,.857
Walt Williams,26,617,190,,92,66,33,13,75,170,53,.441,7,27,.259,33,.623
Corliss Williamson,18,454,263,,92,30,7,22,101,176,98,.574,0,0,,61,.622
Kevin Willis,27,518,163,,113,2,10,12,73,154,30,.474,,,,17,.567
Rubén Wolkowyski,DNP,DNP,DNP,DNP,DNP,DNP,DNP,DNP,DNP,DNP,DNP,DNP,DNP,DNP,DNP,DNP,DNP
Loren Woods,30,525,205,,157,16,7,45,71,147,93,.483,0,0,,63,.677
Qyntel Woods,23,722,742,,229,42,,,239,495,285,.483,34,113,.301,230,.807
Metta World Peace,32,870,372,,201,62,52,36,139,335,114,.415,34,104,.327,60,.526
Lorenzen Wright,34,1170,503,,345,50,26,71,198,353,171,.561,0,1,.000,107,.626
Vincent Yarbrough,30,705,229,,156,42,43,29,83,199,57,.417,23,84,.274,40,.702
Wang Zhizhi,DNP,DNP,DNP,DNP,DNP,DNP,DNP,DNP,DNP,DNP,DNP,DNP,DNP,DNP,DNP,DNP,DNP
Quincy Acy,34,558,185,49,124,9,21,34,72,110,72,.655,0,0,,41,.569
Jeff Adrien,33,543,216,68,165,15,14,25,83,136,78,.610,0,0,,50,.641
Arron Afflalo,29,907,314,17,97,63,18,7,106,240,89,.442,39,101,.386,63,.708
Josh Akognon,27,311,106,6,37,14,9,2,38,130,6,.292,28,91,.308,2,.333
Cole Aldrich,40,330,112,34,119,5,11,34,43,83,38,.518,0,0,,26,.684
LaMarcus Aldridge,16,355,158,43,95,14,17,24,57,86,67,.663,0,0,,44,.657
Lavoy Allen,34,993,276,69,193,55,17,52,116,208,57,.558,2,5,.400,42,.737
Ray Allen*,34,735,429,,155,47,38,7,158,310,101,.510,33,82,.402,80,.792
Tony Allen,32,967,527,,194,105,,,207,406,166,.510,12,32,.375,101,.608
Al-Farouq Aminu,31,899,401,71,253,46,30,38,146,283,152,.516,7,39,.179,102,.671
Lou Amundson,30,315,83,32,69,9,15,10,29,58,42,.500,0,0,,25,.595
Chris Andersen,29,628,292,,224,20,,,108,214,133,.505,6,25,.240,70,.526
Alan Anderson,31,759,203,32,130,51,18,3,67,149,87,.450,2,5,.400,67,.770
James Anderson,33,1021,438,56,123,35,26,16,148,340,105,.435,67,177,.379,75,.714
Ryan Anderson,33,1096,539,79,269,16,22,18,189,397,129,.476,58,152,.382,103,.798
Carmelo Anthony,35,1274,778,101,349,77,55,30,277,612,238,.453,56,166,.337,168,.706
Joel Anthony,31,423,58,37,85,6,7,48,22,44,29,.500,0,0,,14,.483
Trevor Ariza,25,789,289,61,162,52,42,11,107,251,113,.426,18,76,.237,57,.504
Darrell Arthur,38,721,374,78,177,17,33,56,155,288,99,.538,0,5,.000,64,.646
Ömer Aşık,DNP,DNP,DNP,DNP,DNP,DNP,DNP,DNP,DNP,DNP,DNP,DNP,DNP,DNP,DNP,DNP,DNP
D.J. Augustin,35,1245,503,21,99,233,53,3,154,343,179,.449,45,102,.441,150,.838
Gustavo Ayón,DNP,DNP,DNP,DNP,DNP,DNP,DNP,DNP,DNP,DNP,DNP,DNP,DNP,DNP,DNP,DNP,DNP
Jeff Ayres,27,688,295,57,165,15,12,23,115,233,89,.494,0,2,.000,65,.730
Luke Babbitt,34,1110,573,63,251,47,24,24,194,425,176,.456,33,77,.429,152,.864
Leandro Barbosa,DNP,DNP,DNP,DNP,DNP,DNP,DNP,DNP,DNP,DNP,DNP,DNP,DNP,DNP,DNP,DNP,DNP
J.J. Barea,28,901,477,21,85,109,44,1,158,388,144,.407,48,152,.316,113,.785
Andrea Bargnani,DNP,DNP,DNP,DNP,DNP,DNP,DNP,DNP,DNP,DNP,DNP,DNP,DNP,DNP,DNP,DNP,DNP
Harrison Barnes,37,1087,578,75,216,53,27,16,209,497,124,.421,67,195,.344,93,.750
Matt Barnes,30,394,118,,86,23,10,5,43,99,46,.434,10,34,.294,22,.478
Earl Barron,30,508,168,,117,23,14,31,64,149,73,.430,0,4,.000,40,.548
Will Barton,35,1070,431,49,173,99,54,17,167,390,83,.428,39,147,.265,58,.699
Brandon Bass,29,1013,370,71,214,17,21,56,121,240,157,.504,5,19,.263,123,.783
Shane Battier,36,886,275,89,230,40,51,53,96,178,108,.539,4,24,.167,79,.731
Nicolas Batum,DNP,DNP,DNP,DNP,DNP,DNP,DNP,DNP,DNP,DNP,DNP,DNP,DNP,DNP,DNP,DNP,DNP
Jerryd Bayless,30,1072,592,13,82,121,29,3,173,378,223,.458,59,145,.407,187,.839
Aron Baynes,28,462,145,42,116,3,5,13,60,140,39,.429,0,1,.000,25,.641
Kent Bazemore,35,571,158,33,107,53,33,8,61,141,63,.433,9,34,.265,27,.429
Bradley Beal,37,1267,546,50,249,83,51,31,175,393,173,.445,63,186,.339,133,.769
Michael Beasley,33,1041,866,131,408,38,42,54,307,577,279,.532,36,95,.379,216,.774
Rodrigue Beaubois,DNP,DNP,DNP,DNP,DNP,DNP,DNP,DNP,DNP,DNP,DNP,DNP,DNP,DNP,DNP,DNP,DNP
Marco Belinelli,DNP,DNP,DNP,DNP,DNP,DNP,DNP,DNP,DNP,DNP,DNP,DNP,DNP,DNP,DNP,DNP,DNP
Patrick Beverley,35,1203,485,39,156,110,61,14,150,351,138,.427,73,189,.386,112,.812
Andris Biedriņš,DNP,DNP,DNP,DNP,DNP,DNP,DNP,DNP,DNP,DNP,DNP,DNP,DNP,DNP,DNP,DNP,DNP
Chauncey Billups,26,922,465,54,165,143,42,4,145,351,151,.413,45,127,.354,130,.861
Bismack Biyombo,DNP,DNP,DNP,DNP,DNP,DNP,DNP,DNP,DNP,DNP,DNP,DNP,DNP,DNP,DNP,DNP,DNP
DeJuan Blair,37,963,429,144,337,35,62,41,168,313,149,.537,0,0,,93,.624
Steve Blake,35,1115,244,,106,217,71,10,86,211,51,.408,37,102,.363,35,.686
Andray Blatche,DNP,DNP,DNP,DNP,DNP,DNP,DNP,DNP,DNP,DNP,DNP,DNP,DNP,DNP,DNP,DNP,DNP
Eric Bledsoe,37,1122,419,19,114,107,52,12,144,312,123,.462,49,128,.383,82,.667
Keith Bogans,33,917,411,,119,57,47,1,138,339,135,.407,48,164,.293,87,.644
Andrew Bogut,33,1002,411,106,326,73,14,44,168,291,111,.577,4,11,.364,71,.640
Matt Bonner,36,485,174,,115,15,11,9,66,150,30,.440,16,56,.286,26,.867
Trevor Booker,36,934,374,112,232,38,32,78,159,264,91,.602,0,0,,56,.615
Carlos Boozer,34,807,443,,213,37,37,23,164,267,155,.614,0,0,,115,.742
Chris Bosh*,31,960,485,95,278,38,30,67,168,300,174,.560,22,46,.478,127,.730
Avery Bradley,34,1003,396,33,98,71,44,18,159,368,66,.432,42,112,.375,36,.545
Elton Brand,21,494,281,76,154,10,32,27,100,169,134,.592,0,0,,81,.604
Corey Brewer,32,791,241,49,110,63,46,13,87,169,86,.515,17,39,.436,50,.581
Ronnie Brewer,28,907,341,59,153,94,57,20,125,260,129,.481,17,64,.266,74,.574
Aaron Brooks,21,541,146,11,50,56,17,1,46,124,33,.371,28,76,.368,26,.788
MarShon Brooks,18,167,62,8,17,7,6,3,21,55,21,.382,5,19,.263,15,.714
Kwame Brown,DNP,DNP,DNP,DNP,DNP,DNP,DNP,DNP,DNP,DNP,DNP,DNP,DNP,DNP,DNP,DNP,DNP
Shannon Brown,30,687,237,24,75,38,33,1,88,195,57,.451,15,44,.341,46,.807
Kobe Bryant*,DNP,DNP,DNP,DNP,DNP,DNP,DNP,DNP,DNP,DNP,DNP,DNP,DNP,DNP,DNP,DNP,DNP
Chase Budinger,31,1024,484,56,179,62,37,13,176,363,97,.485,50,136,.368,82,.845
Alec Burks,30,907,512,58,150,53,35,12,172,320,193,.538,19,54,.352,149,.772
Caron Butler,29,950,445,100,221,89,63,9,151,347,171,.435,14,46,.304,129,.754
Jimmy Butler,35,687,196,75,138,26,17,16,55,107,112,.514,0,4,.000,86,.768
Will Bynum,31,584,197,8,48,44,21,1,73,212,40,.344,25,98,.255,26,.650
José Calderón,DNP,DNP,DNP,DNP,DNP,DNP,DNP,DNP,DNP,DNP,DNP,DNP,DNP,DNP,DNP,DNP,DNP
Marcus Camby,29,634,296,,185,36,18,105,117,237,104,.494,0,4,.000,62,.596
DeMarre Carroll,34,531,135,53,129,25,20,2,56,112,42,.500,5,18,.278,18,.429
Matt Carroll,37,968,364,,98,78,26,10,125,310,65,.403,64,183,.350,50,.769
Vince Carter,31,555,232,,119,40,20,18,91,185,45,.492,19,55,.345,31,.689
Omri Casspi,DNP,DNP,DNP,DNP,DNP,DNP,DNP,DNP,DNP,DNP,DNP,DNP,DNP,DNP,DNP,DNP,DNP
Mario Chalmers,33,859,379,8,74,127,89,5,121,272,113,.445,48,128,.375,89,.788
Tyson Chandler,DNP,DNP,DNP,DNP,DNP,DNP,DNP,DNP,DNP,DNP,DNP,DNP,DNP,DNP,DNP,DNP,DNP
Wilson Chandler,25,756,264,48,181,24,19,39,105,241,69,.436,8,38,.211,46,.667
Josh Childress,30,645,235,44,144,24,18,12,94,234,36,.402,22,80,.275,25,.694
Earl Clark,32,513,189,44,121,12,21,14,71,148,62,.480,10,27,.370,37,.597
Victor Claver,DNP,DNP,DNP,DNP,DNP,DNP,DNP,DNP,DNP,DNP,DNP,DNP,DNP,DNP,DNP,DNP,DNP
Norris Cole,34,489,167,11,48,28,22,0,54,142,60,.380,10,42,.238,49,.817
Jason Collins,1,15,7,3,6,0,0,0,1,4,7,.250,0,0,,5,.714
Darren Collison,39,749,215,16,71,88,35,2,78,194,51,.402,19,58,.328,40,.784
Nick Collison,34,774,357,,234,38,36,32,145,292,92,.497,5,13,.385,62,.674
Mike Conley,39,1231,441,27,134,238,87,10,160,309,144,.518,21,69,.304,100,.694
Will Conroy,29,362,72,15,45,46,23,1,23,67,33,.343,5,15,.333,21,.636
Daequan Cook,39,770,382,28,167,40,28,10,141,317,66,.445,54,130,.415,46,.697
Chris Copeland,26,199,66,15,42,8,2,7,23,61,26,.377,5,20,.250,15,.577
DeMarcus Cousins,38,893,575,154,374,38,37,67,206,369,268,.558,1,6,.167,162,.604
Jamal Crawford,17,577,283,,47,76,19,16,105,255,51,.412,33,101,.327,40,.784
Jordan Crawford,30,758,291,34,101,69,28,6,107,243,63,.440,30,82,.366,47,.746
Jae Crowder,37,1021,435,83,251,58,48,32,158,326,125,.485,42,117,.359,77,.616
Dante Cunningham,33,629,71,59,132,25,27,19,29,62,33,.468,0,0,,13,.394
Jared Cunningham,32,611,199,25,64,29,43,3,65,127,83,.512,7,21,.333,62,.747
Eddy Curry,DNP,DNP,DNP,DNP,DNP,DNP,DNP,DNP,DNP,DNP,DNP,DNP,DNP,DNP,DNP,DNP,DNP
Stephen Curry,34,1049,730,32,157,95,62,6,242,523,145,.463,122,299,.408,124,.855
Samuel Dalembert,30,643,179,,179,10,8,107,75,149,56,.503,0,0,,29,.518
Marquis Daniels,17,216,77,,45,8,5,2,32,72,20,.444,3,15,.200,10,.500
Anthony Davis,40,1281,567,119,415,50,54,186,210,337,203,.623,3,20,.150,144,.709
Ed Davis,38,716,253,83,250,22,14,65,99,191,96,.518,0,0,,55,.573
Glen Davis,30,876,406,103,263,31,29,41,138,269,182,.513,3,12,.250,127,.698
Austin Daye,33,611,347,23,154,32,21,54,116,244,101,.475,26,63,.413,89,.881
Nando De Colo,DNP,DNP,DNP,DNP,DNP,DNP,DNP,DNP,DNP,DNP,DNP,DNP,DNP,DNP,DNP,DNP,DNP
Carlos Delfino,DNP,DNP,DNP,DNP,DNP,DNP,DNP,DNP,DNP,DNP,DNP,DNP,DNP,DNP,DNP,DNP,DNP
Luol Deng,37,1149,558,82,255,68,49,39,210,441,138,.476,40,111,.360,98,.710
Justin Dentmon,33,913,274,40,117,124,52,5,79,193,118,.409,20,70,.286,96,.814
DeMar DeRozan,35,1168,485,84,201,51,31,13,192,367,147,.523,6,36,.167,95,.646
Boris Diaw,DNP,DNP,DNP,DNP,DNP,DNP,DNP,DNP,DNP,DNP,DNP,DNP,DNP,DNP,DNP,DNP,DNP
DeSagana Diop,DNP,DNP,DNP,DNP,DNP,DNP,DNP,DNP,DNP,DNP,DNP,DNP,DNP,DNP,DNP,DNP,DNP
Keyon Dooling,28,676,243,,58,85,32,12,78,170,110,.459,8,28,.286,79,.718
Toney Douglas,31,1103,525,26,165,57,43,3,179,422,133,.424,62,166,.373,105,.789
Chris Douglas-Roberts,34,768,283,44,113,51,26,15,102,192,94,.531,9,29,.310,70,.745
Goran Dragić,DNP,DNP,DNP,DNP,DNP,DNP,DNP,DNP,DNP,DNP,DNP,DNP,DNP,DNP,DNP,DNP,DNP
Andre Drummond,34,967,340,114,257,15,28,92,157,292,88,.538,0,2,.000,26,.295
Jared Dudley,34,1156,405,101,225,95,44,8,131,282,173,.465,18,57,.316,125,.723
Chris Duhon,39,1085,280,38,124,174,77,1,92,217,80,.424,44,122,.361,52,.650
Tim Duncan*,33,997,323,,317,30,12,124,120,220,110,.545,1,1,1.000,82,.745
Mike Dunleavy,30,724,273,,128,50,33,14,97,211,61,.460,34,97,.351,45,.738
Kevin Durant,35,1255,903,106,390,46,66,67,306,647,256,.473,82,203,.404,209,.816
Devin Ebanks,35,1056,367,93,273,93,29,25,132,281,140,.470,5,40,.125,98,.700
Wayne Ellington,38,909,445,28,109,79,29,1,164,379,61,.433,66,178,.371,51,.836
Monta Ellis,DNP,DNP,DNP,DNP,DNP,DNP,DNP,DNP,DNP,DNP,DNP,DNP,DNP,DNP,DNP,DNP,DNP
Kim English,38,547,247,19,62,42,19,4,82,212,58,.387,41,110,.373,42,.724
Jeremy Evans,32,672,224,79,182,16,19,44,87,135,73,.644,1,1,1.000,49,.671
Reggie Evans,35,1220,529,142,416,55,31,21,155,326,346,.475,1,1,1.000,218,.630
Tyreke Evans,37,1072,632,47,198,143,77,29,230,505,194,.455,34,124,.274,138,.711
Festus Ezeli,29,360,110,28,74,1,4,22,41,75,55,.547,0,0,,28,.509
Kenneth Faried,30,605,315,101,241,9,37,24,132,256,88,.516,0,3,.000,51,.580
Derrick Favors,36,989,448,108,303,37,32,74,179,293,143,.611,0,1,.000,90,.629
Raymond Felton,35,1240,450,29,143,236,56,9,151,379,114,.398,69,193,.358,79,.693
Landry Fields,30,420,125,24,74,22,7,4,45,124,23,.363,20,66,.303,15,.652
Derek Fisher,27,749,194,,89,92,39,3,57,138,92,.413,9,31,.290,71,.772
Evan Fournier,DNP,DNP,DNP,DNP,DNP,DNP,DNP,DNP,DNP,DNP,DNP,DNP,DNP,DNP,DNP,DNP,DNP
Randy Foye,31,830,318,29,110,90,30,7,110,304,83,.362,29,96,.302,69,.831
Jimmer Fredette,35,647,244,8,37,61,27,3,83,204,41,.407,43,128,.336,35,.854
Enes Freedom,DNP,DNP,DNP,DNP,DNP,DNP,DNP,DNP,DNP,DNP,DNP,DNP,DNP,DNP,DNP,DNP,DNP
Joel Freeland,DNP,DNP,DNP,DNP,DNP,DNP,DNP,DNP,DNP,DNP,DNP,DNP,DNP,DNP,DNP,DNP,DNP
Danilo Gallinari,DNP,DNP,DNP,DNP,DNP,DNP,DNP,DNP,DNP,DNP,DNP,DNP,DNP,DNP,DNP,DNP,DNP
Francisco García,32,696,358,36,94,67,28,40,126,258,55,.488,57,134,.425,49,.891
Kevin Garnett*,DNP,DNP,DNP,DNP,DNP,DNP,DNP,DNP,DNP,DNP,DNP,DNP,DNP,DNP,DNP,DNP,DNP
Diante Garrett,32,711,201,8,58,91,28,2,67,191,83,.351,9,41,.220,58,.699
Marc Gasol,DNP,DNP,DNP,DNP,DNP,DNP,DNP,DNP,DNP,DNP,DNP,DNP,DNP,DNP,DNP,DNP,DNP
Pau Gasol,DNP,DNP,DNP,DNP,DNP,DNP,DNP,DNP,DNP,DNP,DNP,DNP,DNP,DNP,DNP,DNP,DNP
Rudy Gay,31,893,367,55,168,48,25,59,132,286,106,.462,28,60,.467,75,.708
Alonzo Gee,31,718,267,46,105,39,29,6,103,213,72,.484,24,81,.296,37,.514
Mickaël Gelabale,DNP,DNP,DNP,DNP,DNP,DNP,DNP,DNP,DNP,DNP,DNP,DNP,DNP,DNP,DNP,DNP,DNP
Paul George,34,1176,487,63,212,63,59,34,166,353,132,.470,63,141,.447,92,.697
Daniel Gibson,31,1018,439,14,112,121,55,8,131,314,137,.417,74,186,.398,103,.752
Taj Gibson,37,1198,452,101,321,55,20,69,174,312,167,.558,0,0,,104,.623
Manu Ginóbili*,DNP,DNP,DNP,DNP,DNP,DNP,DNP,DNP,DNP,DNP,DNP,DNP,DNP,DNP,DNP,DNP,DNP
Drew Gooden,33,686,351,,248,36,24,25,143,317,91,.451,5,16,.313,60,.659
Ben Gordon,34,844,427,20,93,105,34,6,140,315,117,.444,62,150,.413,85,.726
Eric Gordon,32,1110,669,23,104,78,42,20,184,425,277,.433,70,208,.337,231,.834
Marcin Gortat,DNP,DNP,DNP,DNP,DNP,DNP,DNP,DNP,DNP,DNP,DNP,DNP,DNP,DNP,DNP,DNP,DNP
Andrew Goudelock,33,956,434,20,83,69,33,6,167,358,31,.466,73,173,.422,27,.871
Danny Granger,29,712,323,79,207,21,37,70,111,249,124,.446,3,17,.176,98,.790
Aaron Gray,15,88,26,10,22,6,0,3,11,20,7,.550,0,0,,4,.571
Danny Green,31,475,231,36,116,33,21,32,81,187,53,.433,27,76,.355,42,.792
Draymond Green,37,422,122,39,122,31,21,9,45,81,52,.556,0,1,.000,32,.615
Gerald Green,DNP,DNP,DNP,DNP,DNP,DNP,DNP,DNP,DNP,DNP,DNP,DNP,DNP,DNP,DNP,DNP,DNP
Jeff Green,32,1083,418,87,212,93,31,52,146,291,146,.502,24,60,.400,102,.699
Willie Green,32,800,269,,83,60,22,10,91,218,75,.417,26,68,.382,61,.813
Blake Griffin,33,937,484,108,301,61,33,28,184,324,197,.568,0,2,.000,116,.589
Hamed Haddadi,DNP,DNP,DNP,DNP,DNP,DNP,DNP,DNP,DNP,DNP,DNP,DNP,DNP,DNP,DNP,DNP,DNP
Jordan Hamilton,34,676,341,34,126,50,27,12,123,300,64,.410,58,159,.365,37,.578
Richard Hamilton,32,980,509,,138,88,40,11,174,451,116,.386,70,186,.376,91,.784
Ben Hansbrough,35,827,255,15,98,112,35,0,75,175,74,.429,47,114,.412,58,.784
Tyler Hansbrough,31,943,587,111,243,40,38,23,199,349,253,.570,2,4,.500,187,.739
James Harden,34,1158,605,44,179,110,73,19,196,372,224,.527,44,108,.407,169,.754
Maurice Harkless,32,1155,497,88,276,47,51,45,193,427,139,.452,17,79,.215,94,.676
Josh Harrellson,34,315,123,32,85,9,9,20,46,103,36,.447,5,15,.333,26,.722
Al Harrington,DNP,DNP,DNP,DNP,DNP,DNP,DNP,DNP,DNP,DNP,DNP,DNP,DNP,DNP,DNP,DNP,DNP
Devin Harris,32,1094,394,19,105,56,43,18,117,283,130,.413,59,161,.366,101,.777
Terrel Harris,32,429,143,25,64,27,17,4,50,107,37,.467,15,34,.441,28,.757
Tobias Harris,34,993,521,67,247,44,24,29,185,402,170,.460,23,76,.303,128,.753
Udonis Haslem,31,660,327,,154,24,22,21,117,194,157,.603,0,2,.000,93,.592
Spencer Hawes,31,896,461,61,197,60,16,54,193,363,98,.532,1,3,.333,74,.755
Chuck Hayes,32,534,188,68,143,34,25,12,67,145,65,.462,6,22,.273,48,.738
Gordon Hayward,32,1045,420,46,207,63,48,30,125,261,124,.479,69,154,.448,101,.815
Lazar Hayward,34,553,224,61,124,10,20,3,83,194,72,.428,10,48,.208,48,.667
Brendan Haywood,38,308,110,,91,6,12,33,35,66,63,.530,0,0,,40,.635
Gerald Henderson,32,618,219,29,92,35,16,10,87,193,59,.451,8,25,.320,37,.627
Xavier Henry,36,990,483,43,157,53,54,18,162,354,115,.458,69,165,.418,90,.783
John Henson,37,586,212,60,164,34,27,58,88,181,73,.486,4,18,.222,32,.438
Roy Hibbert,32,507,163,46,111,30,11,40,60,128,65,.469,0,0,,43,.662
J.J. Hickson,31,890,458,80,262,31,22,47,163,276,195,.591,0,1,.000,132,.677
Cory Higgins,32,1074,266,23,136,73,36,11,95,207,75,.459,25,75,.333,51,.680
Nenê,DNP,DNP,DNP,DNP,DNP,DNP,DNP,DNP,DNP,DNP,DNP,DNP,DNP,DNP,DNP,DNP,DNP
George Hill,29,824,310,61,131,65,41,7,114,218,86,.523,21,51,.412,61,.709
Grant Hill*,36,887,402,,183,79,51,30,160,310,133,.516,1,2,.500,81,.609
Jordan Hill,29,409,137,46,118,3,6,26,58,89,47,.652,0,0,,21,.447
Kirk Hinrich,34,726,188,,82,123,35,17,69,161,34,.429,25,80,.313,25,.735
Jrue Holiday,35,950,296,44,132,129,55,18,112,249,62,.450,27,88,.307,45,.726
Justin Holiday,19,125,13,8,25,8,4,5,5,17,7,.294,0,4,.000,3,.429
Ryan Hollins,24,401,104,26,85,5,6,21,38,64,57,.594,0,0,,28,.491
Tyler Honeycutt,26,719,187,53,169,70,39,31,69,139,65,.496,10,29,.345,39,.600
Al Horford,32,730,179,72,209,28,26,51,61,127,98,.480,0,0,,57,.582
Dwight Howard,DNP,DNP,DNP,DNP,DNP,DNP,DNP,DNP,DNP,DNP,DNP,DNP,DNP,DNP,DNP,DNP,DNP
Josh Howard,36,896,331,,168,64,44,33,128,278,108,.460,12,42,.286,63,.583
Juwan Howard,34,956,377,,212,62,15,21,150,333,112,.450,0,2,.000,77,.688
Kris Humphries,29,990,629,91,294,20,27,33,221,498,229,.444,17,50,.340,170,.742
Serge Ibaka,DNP,DNP,DNP,DNP,DNP,DNP,DNP,DNP,DNP,DNP,DNP,DNP,DNP,DNP,DNP,DNP,DNP
Andre Iguodala,32,614,206,62,156,66,47,18,69,181,88,.381,9,44,.205,59,.670
Ersan İlyasova,DNP,DNP,DNP,DNP,DNP,DNP,DNP,DNP,DNP,DNP,DNP,DNP,DNP,DNP,DNP,DNP,DNP
Kyrie Irving,11,303,192,6,37,47,16,6,55,104,71,.529,18,39,.462,64,.901
Royal Ivey,33,520,94,11,54,57,24,5,31,85,44,.365,3,12,.250,29,.659
Jarrett Jack,31,984,294,16,110,185,51,3,97,213,118,.455,17,60,.283,83,.703
Reggie Jackson,34,680,237,41,111,59,28,14,91,207,54,.440,18,66,.273,37,.685
Stephen Jackson,DNP,DNP,DNP,DNP,DNP,DNP,DNP,DNP,DNP,DNP,DNP,DNP,DNP,DNP,DNP,DNP,DNP
Bernard James,34,719,293,74,201,8,29,82,117,178,117,.657,0,0,,59,.504
Damion James,35,908,265,89,253,32,20,42,99,201,111,.493,1,11,.091,66,.595
LeBron James,DNP,DNP,DNP,DNP,DNP,DNP,DNP,DNP,DNP,DNP,DNP,DNP,DNP,DNP,DNP,DNP,DNP
Mike James,27,381,135,,36,27,22,0,55,123,35,.447,1,13,.077,24,.686
Antawn Jamison,32,1052,484,,309,33,25,33,201,322,156,.624,0,1,.000,82,.526
Al Jefferson,DNP,DNP,DNP,DNP,DNP,DNP,DNP,DNP,DNP,DNP,DNP,DNP,DNP,DNP,DNP,DNP,DNP
Richard Jefferson,28,755,317,,134,80,18,11,104,210,125,.495,12,33,.364,97,.776
Jared Jeffries,34,1108,469,79,234,82,31,42,164,371,208,.442,12,49,.245,129,.620
Charles Jenkins,29,1004,436,46,133,60,49,15,160,340,123,.471,20,61,.328,96,.780
John Jenkins,31,716,338,8,69,30,14,5,109,233,60,.468,72,149,.483,48,.800
Brandon Jennings,DNP,DNP,DNP,DNP,DNP,DNP,DNP,DNP,DNP,DNP,DNP,DNP,DNP,DNP,DNP,DNP,DNP
Jonas Jerebko,DNP,DNP,DNP,DNP,DNP,DNP,DNP,DNP,DNP,DNP,DNP,DNP,DNP,DNP,DNP,DNP,DNP
Amir Johnson,DNP,DNP,DNP,DNP,DNP,DNP,DNP,DNP,DNP,DNP,DNP,DNP,DNP,DNP,DNP,DNP,DNP
Chris Johnson,10,43,13,,7,3,2,3,6,18,2,.333,0,6,.000,1,.500
Chris Johnson,34,551,213,72,177,19,17,5,64,151,79,.424,24,70,.343,61,.772
Ivan Johnson,28,452,209,28,90,12,25,8,82,164,71,.500,0,4,.000,45,.634
James Johnson,30,875,438,93,244,37,41,40,164,337,119,.487,28,100,.280,82,.689
Joe Johnson,23,732,368,,132,50,45,12,140,302,79,.464,28,76,.368,60,.759
Orlando Johnson,31,807,383,65,152,65,18,12,133,323,120,.412,40,125,.320,77,.642
Wesley Johnson,31,983,381,98,244,33,24,33,141,317,89,.445,32,109,.294,67,.753
Darius Johnson-Odom,34,1009,442,16,90,81,30,6,152,334,96,.455,73,154,.474,65,.677
Dahntay Jones,32,841,341,,130,49,38,26,119,281,113,.423,11,34,.324,92,.814
DeQuan Jones,32,353,86,,55,15,10,12,33,98,30,.337,1,13,.077,19,.633
Dominique Jones,31,1085,531,44,143,86,47,8,177,385,162,.460,54,153,.353,123,.759
James Jones,33,424,129,,64,11,16,18,52,122,18,.426,10,32,.313,15,.833
Kevin Jones,35,676,221,66,170,22,21,23,96,194,46,.495,3,14,.214,26,.565
Perry Jones,30,1017,417,79,215,36,16,27,162,295,137,.549,2,10,.200,91,.664
Solomon Jones,30,782,198,61,185,22,13,64,77,141,80,.546,0,0,,44,.550
Terrence Jones,38,1196,595,92,336,60,43,72,206,466,243,.442,26,79,.329,157,.646
DeAndre Jordan,35,703,278,66,210,15,7,44,113,183,119,.617,0,0,,52,.437
Cory Joseph,36,1166,375,23,128,109,37,11,136,322,73,.422,52,126,.413,51,.699
Kris Joseph,34,458,116,27,81,17,30,8,44,103,52,.427,7,26,.269,21,.404
Chris Kaman,28,520,273,48,135,6,14,45,105,183,90,.574,0,0,,63,.700
Jason Kidd*,29,922,378,,142,222,110,8,133,287,134,.463,24,84,.286,88,.657
Michael Kidd-Gilchrist,40,1245,476,103,297,75,39,37,160,326,192,.491,13,51,.255,143,.745
Andrei Kirilenko,DNP,DNP,DNP,DNP,DNP,DNP,DNP,DNP,DNP,DNP,DNP,DNP,DNP,DNP,DNP,DNP,DNP
Linas Kleiza,16,370,177,51,135,13,7,5,64,146,66,.438,8,23,.348,41,.621
Brandon Knight,38,1363,657,25,153,159,25,8,217,513,171,.423,87,231,.377,136,.795
Kyle Korver,33,601,291,,101,32,21,5,97,204,38,.475,63,145,.434,34,.895
Kosta Koufos,37,1003,534,98,247,19,16,67,222,437,100,.508,22,63,.349,68,.680
Viacheslav Kravtsov,DNP,DNP,DNP,DNP,DNP,DNP,DNP,DNP,DNP,DNP,DNP,DNP,DNP,DNP,DNP,DNP,DNP
Doron Lamb,38,1078,469,19,75,62,22,6,161,324,100,.497,68,140,.486,79,.790
Jeremy Lamb,41,1140,457,50,183,66,35,25,182,374,59,.487,46,125,.368,47,.797
Carl Landry,25,757,456,84,178,31,21,18,160,259,195,.618,4,18,.222,132,.677
Ty Lawson,38,977,388,27,112,213,58,4,141,282,109,.500,31,87,.356,75,.688
Courtney Lee,31,1028,461,58,160,63,55,17,176,391,72,.450,57,143,.399,52,.722
David Lee,31,557,218,66,145,32,20,21,84,145,91,.579,0,0,,50,.549
Malcolm Lee,29,309,92,16,44,17,14,4,38,76,24,.500,6,20,.300,10,.417
Kawhi Leonard,34,1064,433,119,336,65,47,24,166,365,117,.455,16,78,.205,85,.726
Meyers Leonard,33,272,68,10,41,5,5,13,28,58,17,.483,0,1,.000,12,.706
Jon Leuer,32,276,94,19,40,12,4,3,34,72,29,.472,12,26,.462,14,.483
Rashard Lewis,DNP,DNP,DNP,DNP,DNP,DNP,DNP,DNP,DNP,DNP,DNP,DNP,DNP,DNP,DNP,DNP,DNP
DeAndre Liggins,33,546,139,6,77,92,24,14,46,127,52,.362,12,51,.235,35,.673
Damian Lillard,31,911,356,9,120,89,33,6,119,274,82,.434,49,131,.374,69,.841
Jeremy Lin,28,506,133,22,70,49,28,3,44,106,44,.415,9,32,.281,36,.818
Shaun Livingston,DNP,DNP,DNP,DNP,DNP,DNP,DNP,DNP,DNP,DNP,DNP,DNP,DNP,DNP,DNP,DNP,DNP
Brook Lopez,26,654,328,45,156,20,11,45,140,282,65,.496,3,15,.200,45,.692
Robin Lopez,31,743,234,78,172,29,5,73,96,200,77,.480,0,1,.000,42,.545
Kevin Love,39,1156,681,142,415,75,27,56,227,406,258,.559,29,82,.354,198,.767
Kyle Lowry,24,557,180,22,76,49,31,5,64,152,74,.421,5,22,.227,47,.635
John Lucas III,30,1006,395,22,76,120,40,0,143,330,63,.433,59,158,.373,50,.794
Scott Machado,31,836,288,25,104,150,40,2,90,222,134,.405,15,54,.278,93,.694
Shelvin Mack,32,982,382,41,142,111,36,1,122,312,107,.391,57,175,.326,81,.757
Corey Maggette,39,691,414,,151,59,29,15,137,261,155,.525,29,84,.345,111,.716
Ian Mahinmi,DNP,DNP,DNP,DNP,DNP,DNP,DNP,DNP,DNP,DNP,DNP,DNP,DNP,DNP,DNP,DNP,DNP
Shawn Marion,29,954,543,,269,36,73,54,221,418,111,.529,20,67,.299,81,.730
Kendall Marshall,37,912,230,6,77,230,40,3,76,181,84,.420,20,52,.385,58,.690
Cartier Martin,20,377,138,12,60,21,4,0,49,124,37,.395,17,49,.347,23,.622
Kenyon Martin,22,233,62,,74,10,14,24,26,40,32,.650,0,0,,10,.313
Kevin Martin,28,913,619,27,133,43,51,10,196,405,186,.484,73,191,.382,154,.828
Roger Mason,31,660,237,,69,39,30,7,80,186,77,.430,14,49,.286,63,.818
Wesley Matthews,23,573,207,34,93,51,29,5,65,163,80,.399,14,32,.438,63,.788
Jason Maxiell,35,732,282,79,237,3,24,52,117,212,82,.552,0,0,,48,.585
Eric Maynor,29,455,135,8,38,65,22,0,49,114,41,.430,3,15,.200,34,.829
O.J. Mayo,33,1216,684,35,150,109,51,13,237,536,152,.442,88,215,.409,122,.803
Luc Mbah a Moute,39,1151,354,117,318,52,44,22,134,249,112,.538,5,38,.132,81,.723
JaVale McGee,33,330,108,31,72,3,6,30,45,75,34,.600,2,3,.667,16,.471
Dominic McGuire,26,409,111,33,88,21,11,22,46,119,38,.387,3,22,.136,16,.421
Josh McRoberts,36,883,312,61,189,53,41,46,115,190,116,.605,5,13,.385,77,.664
Jodie Meeks,34,751,295,29,96,51,32,2,95,227,68,.419,44,121,.364,61,.897
Fab Melo,33,327,77,22,64,8,10,25,34,56,25,.607,0,0,,9,.360
Khris Middleton,34,710,245,41,125,37,29,10,79,190,72,.416,33,102,.324,54,.750
C.J. Miles,DNP,DNP,DNP,DNP,DNP,DNP,DNP,DNP,DNP,DNP,DNP,DNP,DNP,DNP,DNP,DNP,DNP
Darko Miličić,DNP,DNP,DNP,DNP,DNP,DNP,DNP,DNP,DNP,DNP,DNP,DNP,DNP,DNP,DNP,DNP,DNP
Andre Miller,34,872,292,,126,157,38,21,104,195,113,.533,6,19,.316,78,.690
Darius Miller,36,764,191,30,111,72,27,22,66,161,51,.410,18,54,.333,41,.804
Mike Miller,28,677,341,,146,58,35,7,115,233,114,.494,31,87,.356,80,.702
Quincy Miller,37,903,393,54,182,53,25,24,138,309,114,.447,24,69,.348,93,.816
Patty Mills,32,1027,472,14,67,111,57,3,161,375,117,.429,61,189,.323,89,.761
Paul Millsap,30,1053,467,151,374,22,26,52,175,298,181,.587,1,1,1.000,116,.641
Nazr Mohammed,16,88,37,,24,3,4,8,13,29,24,.448,0,0,,11,.458
Greg Monroe,31,958,393,62,203,79,57,45,143,250,150,.572,2,6,.333,105,.700
E'Twaun Moore,34,1040,437,29,131,88,32,15,159,359,74,.443,66,152,.434,53,.716
Darius Morris,32,777,140,14,58,84,20,5,52,128,46,.406,7,39,.179,29,.630
Marcus Morris,35,646,258,66,166,38,36,12,94,190,106,.495,6,15,.400,64,.604
Markieff Morris,35,547,162,51,155,34,14,25,60,134,60,.448,3,16,.188,39,.650
Anthony Morrow,31,392,177,25,59,11,14,8,61,154,19,.396,38,104,.365,17,.895
Donatas Motiejūnas,DNP,DNP,DNP,DNP,DNP,DNP,DNP,DNP,DNP,DNP,DNP,DNP,DNP,DNP,DNP,DNP,DNP
Arnett Moultrie,37,992,325,121,302,24,31,35,130,259,101,.502,11,39,.282,54,.535
Timofey Mozgov,DNP,DNP,DNP,DNP,DNP,DNP,DNP,DNP,DNP,DNP,DNP,DNP,DNP,DNP,DNP,DNP,DNP
Byron Mullens,33,671,292,55,154,9,16,37,120,188,93,.638,0,1,.000,52,.559
Kevin Murphy,30,610,287,23,88,49,17,7,95,248,82,.383,38,91,.418,59,.720
Troy Murphy,27,890,519,,267,38,34,38,183,340,201,.538,4,13,.308,149,.741
Steve Nash*,31,743,252,,78,67,26,4,78,184,57,.424,49,120,.408,47,.825
Gary Neal,29,930,540,34,122,47,18,1,169,423,142,.400,86,230,.374,116,.817
Jameer Nelson,33,1114,412,22,133,213,55,2,131,284,133,.461,41,110,.373,109,.820
Andrew Nicholson,30,754,376,64,180,7,17,81,154,256,111,.602,0,1,.000,68,.613
Joakim Noah,29,273,102,24,72,15,6,19,36,60,52,.600,0,0,,30,.577
Steve Novak,33,512,220,18,71,17,7,0,67,133,33,.504,55,109,.505,31,.939
Dirk Nowitzki,DNP,DNP,DNP,DNP,DNP,DNP,DNP,DNP,DNP,DNP,DNP,DNP,DNP,DNP,DNP,DNP,DNP
Jermaine O'Neal,DNP,DNP,DNP,DNP,DNP,DNP,DNP,DNP,DNP,DNP,DNP,DNP,DNP,DNP,DNP,DNP,DNP
Kyle O'Quinn,31,518,164,31,104,12,10,25,62,126,37,.492,17,45,.378,23,.622
Lamar Odom,32,1116,564,,302,122,27,49,203,421,182,.482,33,100,.330,125,.687
Tim Ohlbrecht,DNP,DNP,DNP,DNP,DNP,DNP,DNP,DNP,DNP,DNP,DNP,DNP,DNP,DNP,DNP,DNP,DNP
Emeka Okafor,34,1021,267,90,306,27,26,138,105,178,92,.590,0,0,,57,.620
Daniel Orton,38,502,129,45,126,15,21,53,48,91,63,.527,0,2,.000,33,.524
Travis Outlaw,DNP,DNP,DNP,DNP,DNP,DNP,DNP,DNP,DNP,DNP,DNP,DNP,DNP,DNP,DNP,DNP,DNP
Zaza Pachulia,DNP,DNP,DNP,DNP,DNP,DNP,DNP,DNP,DNP,DNP,DNP,DNP,DNP,DNP,DNP,DNP,DNP
Jannero Pargo,31,742,380,16,64,72,47,1,132,294,49,.449,73,175,.417,43,.878
Jeremy Pargo,33,565,89,13,71,67,29,3,29,104,34,.279,8,35,.229,23,.676
Tony Parker,DNP,DNP,DNP,DNP,DNP,DNP,DNP,DNP,DNP,DNP,DNP,DNP,DNP,DNP,DNP,DNP,DNP
Chandler Parsons,36,744,293,47,143,51,18,8,103,218,83,.472,35,108,.324,52,.627
Patrick Patterson,25,893,411,71,192,43,21,31,162,282,119,.574,0,3,.000,87,.731
Chris Paul,31,1041,460,21,101,183,84,12,135,272,178,.496,40,86,.465,150,.843
Sasha Pavlović,DNP,DNP,DNP,DNP,DNP,DNP,DNP,DNP,DNP,DNP,DNP,DNP,DNP,DNP,DNP,DNP,DNP
Nikola Peković,DNP,DNP,DNP,DNP,DNP,DNP,DNP,DNP,DNP,DNP,DNP,DNP,DNP,DNP,DNP,DNP,DNP
Kendrick Perkins,DNP,DNP,DNP,DNP,DNP,DNP,DNP,DNP,DNP,DNP,DNP,DNP,DNP,DNP,DNP,DNP,DNP
Johan Petro,DNP,DNP,DNP,DNP,DNP,DNP,DNP,DNP,DNP,DNP,DNP,DNP,DNP,DNP,DNP,DNP,DNP
Paul Pierce*,34,862,404,,180,61,44,27,143,341,137,.419,35,115,.304,83,.606
Mickaël Piétrus,DNP,DNP,DNP,DNP,DNP,DNP,DNP,DNP,DNP,DNP,DNP,DNP,DNP,DNP,DNP,DNP,DNP
Dexter Pittman,29,155,74,28,52,2,5,10,29,48,34,.604,0,0,,16,.471
Miles Plumlee,24,165,42,13,34,1,4,12,18,38,11,.474,0,0,,6,.545
Quincy Pondexter,32,764,342,49,128,49,21,6,124,249,100,.498,18,48,.375,76,.760
A.J. Price,31,742,291,34,93,113,37,2,99,256,100,.387,24,88,.273,69,.690
Ronnie Price,25,746,282,14,58,72,31,1,99,267,61,.371,37,134,.276,47,.770
Pablo Prigioni,DNP,DNP,DNP,DNP,DNP,DNP,DNP,DNP,DNP,DNP,DNP,DNP,DNP,DNP,DNP,DNP,DNP
Tayshaun Prince,37,747,214,,142,45,25,21,82,198,32,.414,29,101,.287,21,.656
Joel Przybilla,28,713,188,,163,41,16,84,79,141,52,.560,0,0,,30,.577
Chris Quinn,34,521,131,18,53,51,28,3,43,90,20,.478,29,66,.439,16,.800
Vladimir Radmanović,DNP,DNP,DNP,DNP,DNP,DNP,DNP,DNP,DNP,DNP,DNP,DNP,DNP,DNP,DNP,DNP,DNP
Anthony Randolph,31,1016,483,86,263,38,35,70,183,394,166,.464,2,19,.105,115,.693
Shavlik Randolph,26,351,193,41,101,9,14,24,65,129,82,.504,7,19,.368,56,.683
Zach Randolph,33,654,356,101,221,34,24,22,138,235,126,.587,0,1,.000,80,.635
J.J. Redick,33,1013,495,19,81,67,38,2,149,361,111,.413,95,238,.399,102,.919
Jason Richardson,37,582,189,,153,23,20,6,79,157,42,.503,8,27,.296,23,.548
Quentin Richardson,31,1040,586,,327,32,24,8,203,425,183,.478,44,127,.346,136,.743
Luke Ridnour,28,848,208,13,70,106,29,4,59,174,77,.339,29,99,.293,61,.792
Austin Rivers,34,1129,527,21,115,71,33,1,174,402,184,.433,58,159,.365,121,.658
Brian Roberts,29,586,267,17,77,42,14,0,90,200,56,.450,43,100,.430,44,.786
Nate Robinson,23,576,300,33,89,52,26,0,120,260,57,.462,19,74,.257,41,.719
Thomas Robinson,33,236,83,34,88,9,7,18,33,68,43,.485,0,0,,17,.395
Rajon Rondo,34,854,274,20,97,118,87,8,102,200,103,.510,10,33,.303,60,.583
Terrence Ross,34,593,273,29,96,33,19,12,102,230,33,.443,44,125,.352,25,.758
Brandon Roy,13,224,79,16,38,13,4,3,30,60,37,.500,1,10,.100,18,.486
Ricky Rubio,DNP,DNP,DNP,DNP,DNP,DNP,DNP,DNP,DNP,DNP,DNP,DNP,DNP,DNP,DNP,DNP,DNP
Brandon Rush,33,1047,444,48,195,65,29,23,170,359,71,.474,50,106,.472,54,.761
Robert Sacre,29,269,82,18,52,7,7,6,28,63,41,.444,0,0,,26,.634
John Salmons,29,705,161,,141,57,28,23,61,127,40,.480,10,41,.244,29,.725
Samardo Samuels,37,929,436,94,181,35,22,49,163,282,165,.578,0,1,.000,110,.667
Larry Sanders,32,531,157,50,165,4,11,95,63,125,68,.504,0,0,,31,.456
Luis Scola,DNP,DNP,DNP,DNP,DNP,DNP,DNP,DNP,DNP,DNP,DNP,DNP,DNP,DNP,DNP,DNP,DNP
Mike Scott,32,579,182,67,168,15,20,12,63,143,74,.441,4,10,.400,52,.703
Thabo Sefolosha,DNP,DNP,DNP,DNP,DNP,DNP,DNP,DNP,DNP,DNP,DNP,DNP,DNP,DNP,DNP,DNP,DNP
Josh Selby,26,530,206,10,58,56,21,1,72,193,37,.373,34,94,.362,28,.757
Kevin Séraphin,DNP,DNP,DNP,DNP,DNP,DNP,DNP,DNP,DNP,DNP,DNP,DNP,DNP,DNP,DNP,DNP,DNP
Ramon Sessions,32,994,288,22,120,166,47,3,106,257,101,.412,6,27,.222,70,.693
Tornike Shengelia,DNP,DNP,DNP,DNP,DNP,DNP,DNP,DNP,DNP,DNP,DNP,DNP,DNP,DNP,DNP,DNP,DNP
Iman Shumpert,31,981,330,22,121,154,64,6,106,271,131,.391,32,102,.314,86,.656
Alexey Shved,DNP,DNP,DNP,DNP,DNP,DNP,DNP,DNP,DNP,DNP,DNP,DNP,DNP,DNP,DNP,DNP,DNP
Henry Sims,28,275,54,16,48,8,8,16,21,52,17,.404,2,12,.167,10,.588
Kyle Singler,34,972,451,70,198,48,36,25,159,348,106,.457,51,150,.340,82,.774
Chris Singleton,35,942,282,65,172,37,54,47,95,232,95,.409,34,102,.333,58,.611
Donald Sloan,34,606,176,13,64,60,24,2,67,137,42,.489,14,42,.333,28,.667
Greg Smith,33,913,381,76,192,40,27,40,148,257,145,.576,0,0,,85,.586
Ish Smith,31,927,269,14,117,186,36,1,102,238,91,.429,23,65,.354,42,.462
J.R. Smith,DNP,DNP,DNP,DNP,DNP,DNP,DNP,DNP,DNP,DNP,DNP,DNP,DNP,DNP,DNP,DNP,DNP
Jason Smith,26,635,274,55,152,45,11,36,103,186,95,.554,3,12,.250,65,.684
Josh Smith,DNP,DNP,DNP,DNP,DNP,DNP,DNP,DNP,DNP,DNP,DNP,DNP,DNP,DNP,DNP,DNP,DNP
Nolan Smith,34,500,202,12,52,45,18,5,70,150,52,.467,22,57,.386,40,.769
Marreese Speights,33,189,134,38,86,2,8,15,57,85,30,.671,0,0,,20,.667
Tiago Splitter,DNP,DNP,DNP,DNP,DNP,DNP,DNP,DNP,DNP,DNP,DNP,DNP,DNP,DNP,DNP,DNP,DNP
Jerry Stackhouse,35,734,428,,176,69,42,17,138,296,205,.466,2,20,.100,150,.732
Lance Stephenson,34,960,419,63,182,84,31,6,162,368,119,.440,16,73,.219,79,.664
DeShawn Stevenson,DNP,DNP,DNP,DNP,DNP,DNP,DNP,DNP,DNP,DNP,DNP,DNP,DNP,DNP,DNP,DNP,DNP
Greg Stiemsma,10,27,11,1,6,0,1,2,5,6,2,.833,0,0,,1,.500
Julyan Stone,33,720,94,18,134,114,52,5,28,82,53,.341,8,34,.235,30,.566
Amar'e Stoudemire,DNP,DNP,DNP,DNP,DNP,DNP,DNP,DNP,DNP,DNP,DNP,DNP,DNP,DNP,DNP,DNP,DNP
Rodney Stuckey,30,990,726,32,144,123,66,8,250,510,225,.490,55,148,.372,171,.760
Jared Sullinger,37,1172,635,131,377,43,37,20,222,410,267,.541,3,12,.250,188,.704
DaJuan Summers,37,975,339,58,138,40,30,24,108,262,106,.412,42,127,.331,81,.764
Jeff Taylor,31,805,377,82,192,53,29,12,136,271,139,.502,9,41,.220,96,.691
Tyshawn Taylor,35,928,340,11,76,104,38,8,120,237,105,.506,24,66,.364,76,.724
Jeff Teague,30,892,416,16,82,74,55,15,135,311,142,.434,32,81,.395,114,.803
Marquis Teague,40,1303,401,17,101,191,37,11,145,352,119,.412,26,80,.325,85,.714
Mirza Teletović,DNP,DNP,DNP,DNP,DNP,DNP,DNP,DNP,DNP,DNP,DNP,DNP,DNP,DNP,DNP,DNP,DNP
Sebastian Telfair,DNP,DNP,DNP,DNP,DNP,DNP,DNP,DNP,DNP,DNP,DNP,DNP,DNP,DNP,DNP,DNP,DNP
Garrett Temple,36,1207,182,18,94,99,38,31,65,194,37,.335,27,109,.248,25,.676
Jason Terry,31,303,95,,23,35,19,0,32,59,27,.542,15,26,.577,16,.593
Hasheem Thabeet,31,762,193,74,199,12,6,118,67,121,115,.554,0,0,,59,.513
Isaiah Thomas,35,993,541,24,106,91,38,2,180,431,207,.418,39,134,.291,142,.686
Kurt Thomas,12,42,23,,13,2,1,2,8,18,14,.444,0,2,.000,7,.500
Lance Thomas,31,463,124,37,76,1,17,3,46,81,54,.568,0,0,,32,.593
Malcolm Thomas,32,967,401,99,281,50,20,64,148,288,183,.514,0,0,,105,.574
Tyrus Thomas,32,829,395,90,295,42,33,99,152,250,137,.608,1,1,1.000,90,.657
Jason Thompson,30,830,274,85,221,45,21,29,104,236,91,.441,6,26,.231,60,.659
Klay Thompson,33,1092,414,27,138,62,30,20,159,378,31,.421,68,165,.412,28,.903
Tristan Thompson,36,1104,471,138,282,45,34,86,172,315,261,.546,0,0,,127,.487
Marcus Thornton,31,1043,608,63,174,42,43,10,212,486,115,.436,90,239,.377,94,.817
Jamaal Tinsley,37,1212,407,,189,244,98,37,145,384,151,.378,15,62,.242,102,.675
Anthony Tolliver,27,175,22,13,34,7,5,8,10,25,9,.400,0,6,.000,2,.222
P.J. Tucker,33,742,342,105,225,27,29,6,133,243,117,.547,0,0,,76,.650
Ronny Turiaf,32,624,235,51,161,16,12,26,73,139,128,.525,0,2,.000,89,.695
Hedo Türkoğlu,DNP,DNP,DNP,DNP,DNP,DNP,DNP,DNP,DNP,DNP,DNP,DNP,DNP,DNP,DNP,DNP,DNP
Evan Turner,37,1004,313,33,164,98,47,19,109,232,103,.470,23,69,.333,72,.699
Jeremy Tyler,DNP,DNP,DNP,DNP,DNP,DNP,DNP,DNP,DNP,DNP,DNP,DNP,DNP,DNP,DNP,DNP,DNP
Ekpe Udoh,35,710,176,60,139,28,23,67,76,162,41,.469,0,3,.000,24,.585
Beno Udrih,DNP,DNP,DNP,DNP,DNP,DNP,DNP,DNP,DNP,DNP,DNP,DNP,DNP,DNP,DNP,DNP,DNP
Jonas Valančiūnas,DNP,DNP,DNP,DNP,DNP,DNP,DNP,DNP,DNP,DNP,DNP,DNP,DNP,DNP,DNP,DNP,DNP
Anderson Varejão,DNP,DNP,DNP,DNP,DNP,DNP,DNP,DNP,DNP,DNP,DNP,DNP,DNP,DNP,DNP,DNP,DNP
Jarvis Varnado,35,473,174,61,146,11,12,67,75,116,45,.647,0,1,.000,24,.533
Greivis Vásquez,34,980,334,26,112,157,39,5,114,257,94,.444,31,98,.316,75,.798
Jan Veselý,DNP,DNP,DNP,DNP,DNP,DNP,DNP,DNP,DNP,DNP,DNP,DNP,DNP,DNP,DNP,DNP,DNP
Charlie Villanueva,32,607,286,56,168,23,6,48,113,220,63,.514,18,49,.367,42,.667
Nikola Vučević,23,254,59,22,61,7,9,9,26,45,8,.578,0,3,.000,7,.875
Dwyane Wade,32,935,571,81,211,110,79,36,223,458,155,.487,18,52,.346,107,.690
Dion Waiters,34,554,223,12,53,50,38,4,78,190,48,.411,28,85,.329,39,.813
Kemba Walker,36,907,321,31,125,104,38,6,110,234,123,.470,13,48,.271,88,.715
John Wall,37,1288,616,30,159,241,66,19,202,438,232,.461,37,114,.325,175,.754
Gerald Wallace,36,824,351,84,216,55,42,37,126,288,155,.438,11,63,.175,88,.568
Rasheed Wallace,35,732,333,,232,18,24,63,139,230,91,.604,0,1,.000,55,.604
