Names,PER,Age,Href,Games,Minutes,Points,Rebounds,Assists,Steals,Blocks,Fgm,Fga,Fta,Fg%,3pm,3pa,3p%,Ftm,Ft%
Johnny Davis,14.3,27,/players/d/davisjo01.html,31,753,218,128,35,34,18,86,195,44,.441,14,36,.389,32,.727
Mike Dunleavy,14.0,28,/players/d/dunlemi01.html,30,724,273,128,50,33,14,97,211,61,.460,34,97,.351,45,.738
Gerald Henderson,13.4,27,/players/h/hendege01.html,32,618,219,92,35,16,10,87,193,59,.451,8,25,.320,37,.627
Russ Schoene,11.1,22,/players/s/schoeru01.html,28,457,202,113,8,8,12,80,154,57,.519,0,0,0,42,.737
Jeff Taylor,8.1,23,/players/t/tayloje01.html,31,805,377,192,53,29,12,136,271,139,.502,9,41,.220,96,.691
Alaa Abdelnaby,13.0,24,/players/a/abdelal01.html,29,192,106,50,6,1,3,47,81,23,.580,0,0,0,12,.522
Mahmoud Abdul-Rauf,15.4,23,/players/a/abdulma02.html,32,1180,965,108,130,55,6,359,739,200,.486,84,216,.389,163,.815
Victor Alexander,13.7,23,/players/a/alexavi01.html,23,120,39,32,4,2,5,18,30,6,.600,0,0,0,3,.500
Eric Anderson,13.1,22,/players/a/anderer01.html,34,964,404,208,10,14,33,145,266,157,.545,0,0,0,114,.726
Kenny Anderson,16.4,22,/players/a/anderke01.html,35,1321,721,193,285,79,3,283,549,146,.515,48,117,.410,107,.733
Nick Anderson,15.8,25,/players/a/anderni01.html,33,909,525,217,53,37,28,223,390,120,.572,2,6,.333,77,.642
Ron Anderson,14.3,34,/players/a/anderro01.html,35,1303,572,204,78,54,22,234,426,128,.549,0,1,.000,104,.813
Greg Anthony,14.5,25,/players/a/anthogr01.html,28,923,429,121,112,54,8,147,369,144,.398,35,95,.368,100,.694
Keith Askins,9.2,25,/players/a/askinke01.html,32,432,94,95,8,21,8,33,80,29,.413,2,7,.286,16,.552
Stacey Augmon,13.7,24,/players/a/augmost01.html,34,884,311,206,64,69,24,117,204,116,.574,2,2,1.000,75,.647
Isaac Austin,13.0,23,/players/a/austiis01.html,31,848,425,192,27,20,24,164,300,150,.547,0,1,.000,97,.647
Anthony Avent,8.8,23,/players/a/aventan01.html,38,395,168,114,12,6,27,68,149,49,.456,0,0,0,32,.653
Steve Bardo,8.1,24,/players/b/bardost01.html,31,630,119,92,85,23,15,42,102,50,.412,1,3,.333,34,.680
Jon Barry,14.7,23,/players/b/barryjo01.html,29,809,275,74,108,39,3,100,269,71,.372,22,59,.373,53,.746
Tony Bennett,9.5,23,/players/b/benneto01.html,27,930,516,54,138,49,1,179,343,131,.522,47,107,.439,111,.847
David Benoit,12.0,24,/players/b/benoida01.html,31,913,335,248,20,15,18,136,268,84,.507,1,3,.333,62,.738
Alex Blackwell,8.2,22,/players/b/blackal01.html,29,1072,571,227,30,24,28,217,365,179,.595,0,0,0,137,.765
Walter Bond,9.2,23,/players/b/bondwa01.html,26,223,62,36,25,3,2,29,55,8,.527,0,2,.000,4,.500
Anthony Bonner,11.5,24,/players/b/bonnean01.html,35,1066,360,337,46,32,12,138,233,127,.592,0,0,0,84,.661
Terrell Brandon,19.7,22,/players/b/brandte01.html,29,1067,518,106,174,51,4,190,401,129,.474,41,94,.436,97,.752
Kevin Brooks,8.3,23,/players/b/brookke01.html,27,998,453,170,42,18,6,179,317,109,.565,12,34,.353,83,.761
Dee Brown,14.6,24,/players/b/brownde01.html,21,186,71,28,17,11,0,28,65,22,.431,2,12,.167,13,.591
Randy Brown,10.3,24,/players/b/brownra02.html,28,578,105,75,81,32,2,42,83,36,.506,0,2,.000,21,.583
Jud Buechler,11.2,24,/players/b/buechju01.html,30,474,134,68,35,10,3,54,111,28,.486,10,25,.400,16,.571
Willie Burton,12.7,24,/players/b/burtowi01.html,28,674,243,118,30,12,19,96,211,74,.455,3,11,.273,48,.649
Dexter Cambridge,12.1,23,/players/c/cambrde01.html,32,599,389,125,29,23,9,136,292,119,.466,26,81,.321,91,.765
Elden Campbell,15.9,24,/players/c/campbel01.html,31,534,273,126,20,11,62,107,193,84,.554,0,0,0,59,.702
Terry Catledge,14.1,29,/players/c/catlete01.html,28,911,551,278,19,23,24,216,387,171,.558,0,0,0,119,.696
Duane Causwell,11.7,24,/players/c/causwdu01.html,33,399,67,85,3,10,31,27,55,30,.491,0,0,0,13,.433
Cedric Ceballos,19.3,23,/players/c/cebalce01.html,29,986,615,256,43,46,8,241,545,174,.442,16,58,.276,117,.672
Rex Chapman,13.9,25,/players/c/chapmre01.html,29,962,464,66,103,36,15,173,390,68,.444,68,176,.386,50,.735
Pete Chilcutt,11.9,24,/players/c/chilcpe01.html,34,573,168,110,43,10,10,66,117,51,.564,0,1,.000,36,.706
Doug Christie,14.6,22,/players/c/chrisdo01.html,28,687,250,115,112,44,34,84,167,98,.503,12,47,.255,70,.714
Derrick Coleman,18.0,25,/players/c/colemde01.html,38,1163,453,333,45,45,67,173,309,156,.560,0,0,0,107,.686
Bimbo Coles,12.1,24,/players/c/colesbi01.html,28,752,280,85,112,34,5,101,245,109,.412,0,14,.000,78,.716
Marty Conlon,13.2,25,/players/c/conloma01.html,34,487,150,100,16,11,7,43,96,77,.448,0,0,0,64,.831
Duane Cooper,7.7,23,/players/c/coopedu01.html,27,180,31,16,17,6,0,10,32,15,.313,1,9,.111,10,.667
Chris Corchiani,11.7,24,/players/c/corchch01.html,32,788,202,44,235,61,1,61,120,72,.508,20,40,.500,60,.833
Joe Courtney,9.7,23,/players/c/courtjo01.html,28,449,122,73,10,6,13,49,112,29,.438,0,0,0,24,.828
John Crotty,12.7,23,/players/c/crottjo01.html,31,717,195,70,92,18,1,59,163,87,.362,26,75,.347,51,.586
Brad Daugherty,18.9,27,/players/d/daughbr01.html,35,815,287,181,33,10,36,110,197,101,.558,0,1,.000,67,.663
Dale Davis,15.2,23,/players/d/davisda01.html,29,714,227,223,10,16,38,91,171,89,.532,0,0,0,45,.506
Hubert Davis,11.8,22,/players/d/davishu01.html,35,248,116,27,9,3,1,44,86,31,.512,4,13,.308,24,.774
Johnny Dawkins,14.7,29,/players/d/dawkijo01.html,28,1002,506,115,134,26,10,207,414,107,.500,19,54,.352,73,.682
Todd Day,14.1,23,/players/d/dayto01.html,32,741,425,129,49,48,27,148,328,137,.451,31,90,.344,98,.715
Bison Dele,16.5,23,/players/d/delebi01.html,29,813,363,173,22,17,36,156,260,76,.600,0,0,0,51,.671
Kevin Duckworth,11.9,28,/players/d/duckwke01.html,30,669,288,181,12,8,9,112,212,95,.528,0,0,0,64,.674
Richard Dumas,15.9,23,/players/d/dumasri02.html,30,937,521,193,49,49,31,203,372,154,.546,0,2,.000,115,.747
Blue Edwards,12.8,27,/players/e/edwarbl01.html,28,876,404,158,52,37,13,169,301,88,.561,1,4,.250,65,.739
Kevin Edwards,12.7,27,/players/e/edwarke01.html,31,1060,447,156,98,65,8,184,343,78,.536,16,36,.444,63,.808
LaPhonso Ellis,14.6,22,/players/e/ellisla01.html,27,819,365,254,31,22,53,156,277,76,.563,1,1,1.000,52,.684
Jo Jo English,6.4,22,/players/e/englijo01.html,28,376,105,31,33,19,7,43,102,29,.422,2,11,.182,17,.586
Greg Foster,8.9,24,/players/f/fostegr01.html,31,441,101,76,25,5,24,44,88,26,.500,0,0,0,13,.500
Rick Fox,13.6,23,/players/f/foxri01.html,34,371,136,63,32,26,5,59,94,30,.628,3,9,.333,15,.500
Chris Gatling,17.6,25,/players/g/gatlich01.html,27,839,604,244,24,37,61,239,388,179,.616,0,0,0,126,.704
Matt Geiger,15.2,23,/players/g/geigema01.html,30,597,193,124,24,11,9,80,156,50,.513,0,0,0,33,.660
Tate George,10.7,24,/players/g/georgta01.html,26,962,261,93,156,35,9,91,247,89,.368,10,29,.345,69,.775
Kendall Gill,14.7,24,/players/g/gillke01.html,31,345,114,42,27,39,8,40,83,53,.482,0,1,.000,34,.642
Greg Grant,9.9,26,/players/g/grantgr01.html,26,,740,104,,79,1,263,543,220,.484,43,83,.518,171,.777
Litterial Green,11.6,22,/players/g/greenli01.html,31,998,481,57,133,32,3,144,356,187,.404,48,122,.393,145,.775
Sean Green,9.7,22,/players/g/greense01.html,7,89,33,7,0,2,0,12,32,3,.375,7,17,.412,2,.667
Tom Gugliotta,15.9,23,/players/g/guglito01.html,21,171,56,35,5,10,1,18,42,29,.429,1,2,.500,19,.655
Steve Henson,11.5,24,/players/h/hensost01.html,31,950,233,63,114,50,2,75,190,69,.395,26,64,.406,57,.826
Carl Herrera,10.5,26,/players/h/herreca01.html,28,,713,370,62,,,261,459,238,.569,11,20,.550,180,.756
Sean Higgins,9.5,24,/players/h/higgise01.html,12,228,117,38,13,3,0,48,96,14,.500,10,20,.500,11,.786
Tyrone Hill,14.0,24,/players/h/hillty01.html,31,881,274,261,7,14,15,95,172,125,.552,0,0,0,84,.672
Donald Hodge,10.5,23,/players/h/hodgedo01.html,31,1118,467,253,22,26,23,164,303,195,.541,0,0,0,139,.713
Robert Horry,13.4,22,/players/h/horryro01.html,31,590,200,156,35,22,37,79,185,59,.427,4,13,.308,38,.644
Byron Houston,10.2,23,/players/h/houstby01.html,30,842,391,251,32,23,65,140,240,149,.583,0,0,0,111,.745
Brian Howard,10.3,25,/players/h/howarbr01.html,18,73,13,9,3,3,3,5,14,4,.357,0,0,0,3,.750
Stephen Howard,13.8,22,/players/h/howarst01.html,33,697,247,162,42,25,15,93,198,82,.470,0,0,0,61,.744
Mike Iuzzolino,12.9,25,/players/i/iuzzomi01.html,27,292,64,32,30,6,0,13,46,41,.283,3,12,.250,35,.854
Jim Jackson,13.5,22,/players/j/jacksji01.html,30,1035,482,166,110,39,14,194,389,93,.499,21,59,.356,73,.785
Keith Jennings,15.5,24,/players/j/jennike01.html,29,1060,375,119,183,75,0,116,237,132,.489,34,89,.382,109,.826
Dave Johnson,7.5,22,/players/j/johnsda01.html,37,541,156,74,37,17,4,59,129,68,.457,3,20,.150,35,.515
Larry Johnson,16.3,23,/players/j/johnsla02.html,40,1259,822,457,84,65,56,304,487,262,.624,13,38,.342,201,.767
Thomas Jordan,6.9,24,/players/j/jordath01.html,23,572,318,134,13,10,41,126,215,103,.586,0,1,.000,66,.641
Adam Keefe,12.9,22,/players/k/keefead01.html,33,653,277,179,22,18,11,93,147,132,.633,0,0,0,91,.689
Alec Kessler,9.6,26,/players/k/kesslal01.html,28,421,140,95,8,12,3,55,89,42,.618,0,0,0,30,.714
Rich King,10.2,23,/players/k/kingri01.html,29,420,136,84,22,6,20,56,108,34,.519,0,0,0,24,.706
Christian Laettner,16.9,23,/players/l/laettch01.html,36,607,319,170,44,35,28,115,159,121,.723,1,1,1.000,88,.727
Marcus Liberty,12.2,24,/players/l/liberma01.html,36,748,303,141,42,38,10,120,252,73,.476,6,12,.500,57,.781
Brad Lohaus,12.3,28,/players/l/lohaubr01.html,20,80,25,11,10,1,2,9,29,13,.310,1,1,1.000,7,.538
Charles Smith,15.7,27,/players/s/smithch01.html,31,799,313,113,68,28,20,121,290,51,.417,40,119,.336,31,.608
Steve Smith,16.1,23,/players/s/smithst01.html,28,812,299,112,82,27,2,108,232,91,.466,14,30,.467,69,.758
Latrell Sprewell,15.1,22,/players/s/sprewla01.html,33,865,295,165,62,14,62,116,227,84,.511,5,12,.417,58,.690
Clarence Weatherspoon,15.6,22,/players/w/weathcl01.html,27,915,397,289,30,31,44,152,279,156,.545,1,3,.333,92,.590
Reggie Williams,14.2,28,/players/w/willire01.html,27,948,419,127,67,38,5,154,357,98,.431,33,118,.280,78,.796
Scott Williams,13.3,24,/players/w/willisc01.html,36,540,199,150,31,29,27,78,157,77,.497,0,1,.000,43,.558
Walt Williams,14.2,22,/players/w/williwa02.html,26,617,190,92,66,33,13,75,170,53,.441,7,27,.259,33,.623
Ray Allen*,18.6,27,/players/a/allenra02.html,34,735,429,155,47,38,7,158,310,101,.510,33,82,.402,80,.792
Chris Andersen,16.7,24,/players/a/anderch01.html,29,628,292,224,20,,,108,214,133,.505,6,25,.240,70,.526
Shane Battier,12.6,24,/players/b/battish01.html,36,886,275,230,40,51,53,96,178,108,.539,4,24,.167,79,.731
Chauncey Billups,18.8,26,/players/b/billuch01.html,26,922,465,165,143,42,4,145,351,151,.413,45,127,.354,130,.861
Carlos Boozer,19.5,21,/players/b/boozeca01.html,34,807,443,213,37,37,23,164,267,155,.614,0,0,0,115,.742
Elton Brand,20.5,23,/players/b/brandel01.html,21,494,281,154,10,32,27,100,169,134,.592,0,0,0,81,.604
Caron Butler,15.0,22,/players/b/butleca01.html,29,950,445,221,89,63,9,151,347,171,.435,14,46,.304,129,.754
Marcus Camby,17.8,28,/players/c/cambyma01.html,29,634,296,185,36,18,105,117,237,104,.494,0,4,.000,62,.596
Vince Carter,18.6,26,/players/c/cartevi01.html,31,555,232,119,40,20,18,91,185,45,.492,19,55,.345,31,.689
Jason Collins,7.0,24,/players/c/collija04.html,1,15,7,6,0,0,0,1,4,7,.250,0,0,0,5,.714
Jamal Crawford,15.1,22,/players/c/crawfja01.html,17,577,283,47,76,19,16,105,255,51,.412,33,101,.327,40,.784
Keyon Dooling,11.5,22,/players/d/doolike01.html,28,676,243,58,85,32,12,78,170,110,.459,8,28,.286,79,.718
Tim Duncan*,24.2,26,/players/d/duncati01.html,33,997,323,317,30,12,124,120,220,110,.545,1,1,1.000,82,.745
Reggie Evans,11.7,22,/players/e/evansre01.html,35,1220,529,416,55,31,21,155,326,346,.475,1,1,1.000,218,.630
Derek Fisher,11.7,28,/players/f/fishede01.html,27,749,194,89,92,39,3,57,138,92,.413,9,31,.290,71,.772
Drew Gooden,16.3,21,/players/g/goodedr01.html,33,686,351,248,36,24,25,143,317,91,.451,5,16,.313,60,.659
Richard Hamilton,16.5,24,/players/h/hamilri01.html,32,980,509,138,88,40,11,174,451,116,.386,70,186,.376,91,.784
Brendan Haywood,14.6,23,/players/h/haywobr01.html,38,308,110,91,6,12,33,35,66,63,.530,0,0,0,40,.635
Grant Hill*,19.0,30,/players/h/hillgr01.html,36,887,402,183,79,51,30,160,310,133,.516,1,2,.500,81,.609
Juwan Howard,14.6,29,/players/h/howarju01.html,34,956,377,212,62,15,21,150,333,112,.450,0,2,.000,77,.688
Mike James,14.0,27,/players/j/jamesmi01.html,27,381,135,36,27,22,0,55,123,35,.447,1,13,.077,24,.686
Antawn Jamison,18.1,26,/players/j/jamisan01.html,32,1052,484,309,33,25,33,201,322,156,.624,0,1,.000,82,.526
Richard Jefferson,14.4,22,/players/j/jefferi01.html,28,755,317,134,80,18,11,104,210,125,.495,12,33,.364,97,.776
Jared Jeffries,9.6,21,/players/j/jeffrja01.html,34,1108,469,234,82,31,42,164,371,208,.442,12,49,.245,129,.620
Joe Johnson,15.4,21,/players/j/johnsjo02.html,23,732,368,132,50,45,12,140,302,79,.464,28,76,.368,60,.759
Jason Kidd*,17.9,29,/players/k/kiddja01.html,29,922,378,142,222,110,8,133,287,134,.463,24,84,.286,88,.657
Corey Maggette,17.9,23,/players/m/maggeco01.html,39,691,414,151,59,29,15,137,261,155,.525,29,84,.345,111,.716
Shawn Marion,18.8,24,/players/m/mariosh01.html,29,954,543,269,36,73,54,221,418,111,.529,20,67,.299,81,.730
Kenyon Martin,15.0,25,/players/m/martike01.html,22,233,62,74,10,14,24,26,40,32,.650,0,0,0,10,.313
Roger Mason,10.9,22,/players/m/masonro01.html,31,660,237,69,39,30,7,80,186,77,.430,14,49,.286,63,.818
Andre Miller,17.4,26,/players/m/millean02.html,34,872,292,126,157,38,21,104,195,113,.533,6,19,.316,78,.690
Mike Miller,14.3,22,/players/m/millemi01.html,28,677,341,146,58,35,7,115,233,114,.494,31,87,.356,80,.702
Nazr Mohammed,15.0,25,/players/m/mohamna01.html,16,88,37,24,3,4,8,13,29,24,.448,0,0,0,11,.458
Troy Murphy,15.4,22,/players/m/murphtr01.html,27,890,519,267,38,34,38,183,340,201,.538,4,13,.308,149,.741
Steve Nash*,20.0,28,/players/n/nashst01.html,31,743,252,78,67,26,4,78,184,57,.424,49,120,.408,47,.825
Lamar Odom,16.5,23,/players/o/odomla01.html,32,1116,564,302,122,27,49,203,421,182,.482,33,100,.330,125,.687
Jannero Pargo,11.8,23,/players/p/pargoja01.html,31,742,380,64,72,47,1,132,294,49,.449,73,175,.417,43,.878
Paul Pierce*,19.7,25,/players/p/piercpa01.html,34,862,404,180,61,44,27,143,341,137,.419,35,115,.304,83,.606
Tayshaun Prince,13.7,22,/players/p/princta01.html,37,747,214,142,45,25,21,82,198,32,.414,29,101,.287,21,.656
Joel Przybilla,12.0,23,/players/p/przybjo01.html,28,713,188,163,41,16,84,79,141,52,.560,0,0,0,30,.577
Zach Randolph,19.3,21,/players/r/randoza01.html,33,654,356,221,34,24,22,138,235,126,.587,0,1,.000,80,.635
Jason Richardson,16.3,22,/players/r/richaja01.html,37,582,189,153,23,20,6,79,157,42,.503,8,27,.296,23,.548
Quentin Richardson,12.9,22,/players/r/richaqu01.html,31,1040,586,327,32,24,8,203,425,183,.478,44,127,.346,136,.743
John Salmons,12.1,23,/players/s/salmojo01.html,29,705,161,141,57,28,23,61,127,40,.480,10,41,.244,29,.725
Ansu Sesay,11.1,26,/players/s/sesayan01.html,27,586,195,103,32,12,17,63,178,76,.354,17,72,.236,52,.684
Bobby Simmons,12.9,22,/players/s/simmobo01.html,31,949,347,190,82,53,3,112,300,116,.373,31,112,.277,92,.793
Brian Skinner,12.0,26,/players/s/skinnbr01.html,18,501,236,147,9,15,69,98,164,95,.598,0,0,0,40,.421
Reggie Slater,13.7,32,/players/s/slatere01.html,31,703,193,211,6,19,16,66,117,102,.564,0,1,.000,61,.598
Tamar Slay,6.5,22,/players/s/slayta01.html,27,401,162,68,36,17,7,60,161,29,.373,22,73,.301,20,.690
Joe Smith,15.4,27,/players/s/smithjo02.html,30,988,582,321,25,42,93,206,395,229,.522,2,5,.400,168,.734
Eric Snow,12.2,29,/players/s/snower01.html,25,144,27,15,24,6,0,12,25,15,.480,0,2,.000,3,.200
Jerry Stackhouse,16.5,28,/players/s/stackje01.html,35,734,428,176,69,42,17,138,296,205,.466,2,20,.100,150,.732
Michael Stewart,10.2,27,/players/s/stewami01.html,30,696,111,152,9,13,59,40,85,65,.471,0,0,0,31,.477
Damon Stoudamire,15.4,29,/players/s/stoudda01.html,30,540,217,65,76,22,3,76,167,48,.455,28,69,.406,37,.771
Erick Strickland,12.7,29,/players/s/stricer01.html,31,534,243,63,66,47,4,84,185,59,.454,32,88,.364,43,.729
Mark Strickland,14.5,32,/players/s/stricma01.html,31,679,154,161,6,19,32,68,137,49,.496,0,3,.000,18,.367
Bob Sura,14.3,29,/players/s/surabo01.html,31,872,380,107,76,41,5,124,269,150,.461,39,98,.398,94,.627
Stromile Swift,16.1,23,/players/s/swiftst01.html,16,319,121,69,5,15,35,45,110,50,.409,1,8,.125,30,.600
Wally Szczerbiak,16.0,25,/players/s/szczewa02.html,22,382,176,72,23,6,11,66,127,28,.520,22,47,.468,22,.786
Maurice Taylor,13.1,26,/players/t/tayloma01.html,31,830,384,158,36,14,34,161,342,98,.471,3,7,.429,59,.602
Jason Terry,16.2,25,/players/t/terryja01.html,31,303,95,23,35,19,0,32,59,27,.542,15,26,.577,16,.593
Etan Thomas,14.5,24,/players/t/thomaet01.html,25,408,143,105,3,9,48,55,103,71,.534,0,0,0,33,.465
Kenny Thomas,13.9,25,/players/t/thomake01.html,33,981,484,256,53,21,50,170,294,203,.578,0,3,.000,144,.709
Kurt Thomas,13.9,30,/players/t/thomaku01.html,12,42,23,13,2,1,2,8,18,14,.444,0,2,.000,7,.500
Tim Thomas,14.0,25,/players/t/thomati01.html,32,1005,542,193,66,56,33,187,416,152,.450,47,140,.336,121,.796
Jamaal Tinsley,13.6,24,/players/t/tinslja01.html,37,1212,407,189,244,98,37,145,384,151,.378,15,62,.242,102,.675
Robert Traylor,14.5,25,/players/t/traylro01.html,22,438,198,130,12,19,15,82,148,62,.554,0,0,0,34,.548
Gary Trent,15.9,28,/players/t/trentga01.html,27,892,514,250,42,12,26,194,298,181,.651,0,1,.000,126,.696
Jeff Trepagnier,9.5,23,/players/t/trepaje01.html,28,459,149,98,21,28,14,52,129,63,.403,5,25,.200,40,.635
Nick Van Exel,15.8,31,/players/v/vanexni01.html,31,,559,101,166,,,200,415,128,.482,71,186,.382,88,.688
Keith Van Horn,16.8,27,/players/v/vanhoke01.html,25,740,457,208,21,19,41,161,312,129,.516,35,79,.443,100,.775
Jacque Vaughn,10.1,27,/players/v/vaughja01.html,35,896,273,89,181,38,1,91,195,94,.467,28,70,.400,63,.670
Jake Voskuhl,10.8,25,/players/v/voskuja01.html,33,678,132,181,20,23,46,48,99,57,.485,0,0,0,36,.632
Dajuan Wagner,9.9,19,/players/w/wagneda02.html,36,1146,762,89,128,43,20,265,647,230,.410,66,208,.317,166,.722
Antoine Walker,16.0,26,/players/w/walkean02.html,33,479,259,148,47,28,8,95,227,73,.419,17,55,.309,52,.712
Samaki Walker,12.7,26,/players/w/walkesa01.html,29,841,396,210,37,17,78,153,279,164,.548,2,6,.333,88,.537
Gerald Wallace,16.3,20,/players/w/wallage01.html,36,824,351,216,55,42,37,126,288,155,.438,11,63,.175,88,.568
Rasheed Wallace,17.0,28,/players/w/wallara01.html,35,732,333,232,18,24,63,139,230,91,.604,0,1,.000,55,.604
Charlie Ward,13.8,32,/players/w/wardch01.html,30,715,239,89,103,71,8,81,178,87,.455,15,48,.313,62,.713
Earl Watson,12.1,23,/players/w/watsoea01.html,33,1057,191,122,104,64,12,65,166,66,.392,21,65,.323,40,.606
Chris Webber*,20.9,29,/players/w/webbech01.html,34,1088,528,340,76,54,84,229,412,113,.556,14,54,.259,56,.496
Bonzi Wells,16.1,26,/players/w/wellsbo01.html,30,887,474,183,84,84,18,177,380,141,.466,33,99,.333,87,.617
David Wesley,14.2,32,/players/w/wesleda01.html,16,394,208,39,37,30,2,61,134,73,.455,25,56,.446,61,.836
Jahidi White,14.2,26,/players/w/whiteja01.html,26,201,61,46,2,8,23,24,56,35,.429,0,0,0,13,.371
Rodney White,12.3,22,/players/w/whitero02.html,28,865,523,182,41,34,20,188,386,160,.487,33,95,.347,114,.713
Chris Whitney,13.8,31,/players/w/whitnch01.html,28,982,374,92,161,41,0,119,290,73,.410,80,191,.419,56,.767
Chris Wilcox,15.5,20,/players/w/wilcoch01.html,34,294,122,73,16,6,18,51,88,33,.580,0,0,0,20,.606
Mike Wilks,10.0,23,/players/w/wilksmi01.html,28,616,135,73,72,30,2,46,129,58,.357,7,23,.304,36,.621
Aaron Williams,13.9,31,/players/w/williaa01.html,28,278,62,76,6,6,28,27,47,20,.574,0,0,0,8,.400
Alvin Williams,13.7,28,/players/w/willial02.html,31,721,245,87,88,41,3,79,203,96,.389,20,51,.392,67,.698
Brandon Williams,1.9,27,/players/w/willibr01.html,28,,187,99,19,20,13,68,160,62,.425,13,36,.361,38,.613
Eric Williams,11.7,30,/players/w/willier01.html,30,781,470,151,37,36,53,166,327,209,.508,0,5,.000,138,.660
Frank Williams,9.2,22,/players/w/willifr02.html,32,972,366,110,131,74,9,125,327,92,.382,42,133,.316,74,.804
Jason Williams,14.2,27,/players/w/willija02.html,28,816,375,99,178,50,9,144,276,70,.522,35,92,.380,52,.743
Jay Williams,12.2,21,/players/w/willija03.html,34,1157,492,143,220,81,6,179,427,89,.419,73,206,.354,61,.685
Jerome Williams,15.9,29,/players/w/willije01.html,31,939,337,310,45,38,11,126,252,132,.500,2,11,.182,83,.629
Monty Williams,12.8,31,/players/w/willimo01.html,29,588,222,108,31,15,16,83,172,73,.483,2,10,.200,54,.740
Shammond Williams,13.3,27,/players/w/willish01.html,29,132,48,12,20,7,0,12,31,21,.387,6,20,.300,18,.857
Corliss Williamson,14.9,29,/players/w/willico02.html,18,454,263,92,30,7,22,101,176,98,.574,0,0,0,61,.622
Loren Woods,11.2,24,/players/w/woodslo01.html,30,525,205,157,16,7,45,71,147,93,.483,0,0,0,63,.677
Qyntel Woods,11.1,21,/players/w/woodsqy01.html,23,722,742,229,42,,,239,495,285,.483,34,113,.301,230,.807
Metta World Peace,14.8,23,/players/a/artesro01.html,32,870,372,201,62,52,36,139,335,114,.415,34,104,.327,60,.526
Lorenzen Wright,13.3,27,/players/w/wrighlo02.html,34,1170,503,345,50,26,71,198,353,171,.561,0,1,.000,107,.626
Vincent Yarbrough,9.5,21,/players/y/yarbrvi01.html,30,705,229,156,42,43,29,83,199,57,.417,23,84,.274,40,.702
Quincy Acy,11.2,22,/players/a/acyqu01.html,34,558,185,124,9,21,34,72,110,72,.655,0,0,0,41,.569
Jeff Adrien,15.0,26,/players/a/adrieje01.html,33,543,216,165,15,14,25,83,136,78,.610,0,0,0,50,.641
Arron Afflalo,11.9,27,/players/a/afflaar01.html,29,907,314,97,63,18,7,106,240,89,.442,39,101,.386,63,.708
Josh Akognon,15.3,26,/players/a/akognjo01.html,27,311,106,37,14,9,2,38,130,6,.292,28,91,.308,2,.333
Cole Aldrich,16.6,24,/players/a/aldrico01.html,40,330,112,119,5,11,34,43,83,38,.518,0,0,0,26,.684
LaMarcus Aldridge,20.7,27,/players/a/aldrila01.html,16,355,158,95,14,17,24,57,86,67,.663,0,0,0,44,.657
Lavoy Allen,12.5,23,/players/a/allenla01.html,34,993,276,193,55,17,52,116,208,57,.558,2,5,.400,42,.737
Tony Allen,14.2,31,/players/a/allento01.html,32,967,527,194,105,,,207,406,166,.510,12,32,.375,101,.608
Al-Farouq Aminu,12.2,22,/players/a/aminual01.html,31,899,401,253,46,30,38,146,283,152,.516,7,39,.179,102,.671
Lou Amundson,12.0,30,/players/a/amundlo01.html,30,315,83,69,9,15,10,29,58,42,.500,0,0,0,25,.595
Alan Anderson,10.3,30,/players/a/anderal01.html,31,759,203,130,51,18,3,67,149,87,.450,2,5,.400,67,.770
James Anderson,9.9,23,/players/a/anderja01.html,33,1021,438,123,35,26,16,148,340,105,.435,67,177,.379,75,.714
Ryan Anderson,16.5,24,/players/a/anderry01.html,33,1096,539,269,16,22,18,189,397,129,.476,58,152,.382,103,.798
Carmelo Anthony,19.5,28,/players/a/anthoca01.html,35,1274,778,349,77,55,30,277,612,238,.453,56,166,.337,168,.706
Joel Anthony,9.7,30,/players/a/anthojo01.html,31,423,58,85,6,7,48,22,44,29,.500,0,0,0,14,.483
Trevor Ariza,13.1,27,/players/a/arizatr01.html,25,789,289,162,52,42,11,107,251,113,.426,18,76,.237,57,.504
Darrell Arthur,12.2,24,/players/a/arthuda01.html,38,721,374,177,17,33,56,155,288,99,.538,0,5,.000,64,.646
D.J. Augustin,14.0,25,/players/a/augusdj01.html,35,1245,503,99,233,53,3,154,343,179,.449,45,102,.441,150,.838
Jeff Ayres,12.4,25,/players/p/pendeje02.html,27,688,295,165,15,12,23,115,233,89,.494,0,2,.000,65,.730
Luke Babbitt,10.1,23,/players/b/babbilu01.html,34,1110,573,251,47,24,24,194,425,176,.456,33,77,.429,152,.864
J.J. Barea,14.5,28,/players/b/bareajo01.html,28,901,477,85,109,44,1,158,388,144,.407,48,152,.316,113,.785
Harrison Barnes,13.8,20,/players/b/barneha02.html,37,1087,578,216,53,27,16,209,497,124,.421,67,195,.344,93,.750
Matt Barnes,12.7,32,/players/b/barnema02.html,30,394,118,86,23,10,5,43,99,46,.434,10,34,.294,22,.478
Earl Barron,8.6,31,/players/b/barroea01.html,30,508,168,117,23,14,31,64,149,73,.430,0,4,.000,40,.548
Will Barton,13.9,22,/players/b/bartowi01.html,35,1070,431,173,99,54,17,167,390,83,.428,39,147,.265,58,.699
Brandon Bass,15.3,27,/players/b/bassbr01.html,29,1013,370,214,17,21,56,121,240,157,.504,5,19,.263,123,.783
Jerryd Bayless,12.2,24,/players/b/bayleje01.html,30,1072,592,82,121,29,3,173,378,223,.458,59,145,.407,187,.839
Aron Baynes,13.7,26,/players/b/baynear01.html,28,462,145,116,3,5,13,60,140,39,.429,0,1,.000,25,.641
Kent Bazemore,11.4,23,/players/b/bazemke01.html,35,571,158,107,53,33,8,61,141,63,.433,9,34,.265,27,.429
Bradley Beal,18.4,19,/players/b/bealbr01.html,37,1267,546,249,83,51,31,175,393,173,.445,63,186,.339,133,.769
Michael Beasley,15.6,24,/players/b/beaslmi01.html,33,1041,866,408,38,42,54,307,577,279,.532,36,95,.379,216,.774
Patrick Beverley,12.3,24,/players/b/beverpa01.html,35,1203,485,156,110,61,14,150,351,138,.427,73,189,.386,112,.812
DeJuan Blair,16.5,23,/players/b/blairde01.html,37,963,429,337,35,62,41,168,313,149,.537,0,0,0,93,.624
Steve Blake,11.1,32,/players/b/blakest01.html,35,1115,244,106,217,71,10,86,211,51,.408,37,102,.363,35,.686
Eric Bledsoe,17.0,23,/players/b/bledser01.html,37,1122,419,114,107,52,12,144,312,123,.462,49,128,.383,82,.667
Keith Bogans,9.6,32,/players/b/boganke01.html,33,917,411,119,57,47,1,138,339,135,.407,48,164,.293,87,.644
Andrew Bogut,16.4,28,/players/b/bogutan01.html,33,1002,411,326,73,14,44,168,291,111,.577,4,11,.364,71,.640
Matt Bonner,13.6,32,/players/b/bonnema01.html,36,485,174,115,15,11,9,66,150,30,.440,16,56,.286,26,.867
Trevor Booker,15.0,25,/players/b/booketr01.html,36,934,374,232,38,32,78,159,264,91,.602,0,0,0,56,.615
Chris Bosh*,20.6,28,/players/b/boshch01.html,31,960,485,278,38,30,67,168,300,174,.560,22,46,.478,127,.730
Avery Bradley,10.7,22,/players/b/bradlav01.html,34,1003,396,98,71,44,18,159,368,66,.432,42,112,.375,36,.545
Corey Brewer,11.8,26,/players/b/breweco01.html,32,791,241,110,63,46,13,87,169,86,.515,17,39,.436,50,.581
Ronnie Brewer,14.4,27,/players/b/brewero02.html,28,907,341,153,94,57,20,125,260,129,.481,17,64,.266,74,.574
Aaron Brooks,13.3,28,/players/b/brookaa01.html,21,541,146,50,56,17,1,46,124,33,.371,28,76,.368,26,.788
MarShon Brooks,13.9,24,/players/b/brookma01.html,18,167,62,17,7,6,3,21,55,21,.382,5,19,.263,15,.714
Shannon Brown,12.4,27,/players/b/brownsh01.html,30,687,237,75,38,33,1,88,195,57,.451,15,44,.341,46,.807
Chase Budinger,13.0,24,/players/b/budinch01.html,31,1024,484,179,62,37,13,176,363,97,.485,50,136,.368,82,.845
Alec Burks,14.2,21,/players/b/burksal01.html,30,907,512,150,53,35,12,172,320,193,.538,19,54,.352,149,.772
Jimmy Butler,21.6,23,/players/b/butleji01.html,35,687,196,138,26,17,16,55,107,112,.514,0,4,.000,86,.768
Will Bynum,14.6,30,/players/b/bynumwi01.html,31,584,197,48,44,21,1,73,212,40,.344,25,98,.255,26,.650
DeMarre Carroll,13.3,26,/players/c/carrode01.html,34,531,135,129,25,20,2,56,112,42,.500,5,18,.278,18,.429
Matt Carroll,11.6,32,/players/c/carroma01.html,37,968,364,98,78,26,10,125,310,65,.403,64,183,.350,50,.769
Mario Chalmers,12.7,26,/players/c/chalmma01.html,33,859,379,74,127,89,5,121,272,113,.445,48,128,.375,89,.788
Wilson Chandler,12.8,25,/players/c/chandwi01.html,25,756,264,181,24,19,39,105,241,69,.436,8,38,.211,46,.667
Josh Childress,15.6,29,/players/c/childjo01.html,30,645,235,144,24,18,12,94,234,36,.402,22,80,.275,25,.694
Earl Clark,10.2,25,/players/c/clarkea01.html,32,513,189,121,12,21,14,71,148,62,.480,10,27,.370,37,.597
Norris Cole,9.2,24,/players/c/coleno01.html,34,489,167,48,28,22,0,54,142,60,.380,10,42,.238,49,.817
Darren Collison,16.2,25,/players/c/collida01.html,39,749,215,71,88,35,2,78,194,51,.402,19,58,.328,40,.784
Nick Collison,13.2,32,/players/c/collini01.html,34,774,357,234,38,36,32,145,292,92,.497,5,13,.385,62,.674
Mike Conley,17.4,25,/players/c/conlemi01.html,39,1231,441,134,238,87,10,160,309,144,.518,21,69,.304,100,.694
Will Conroy,-3.1,30,/players/c/conrowi01.html,29,362,72,45,46,23,1,23,67,33,.343,5,15,.333,21,.636
Daequan Cook,9.1,25,/players/c/cookda02.html,39,770,382,167,40,28,10,141,317,66,.445,54,130,.415,46,.697
Chris Copeland,12.4,28,/players/c/copelch01.html,26,199,66,42,8,2,7,23,61,26,.377,5,20,.250,15,.577
DeMarcus Cousins,22.0,22,/players/c/couside01.html,38,893,575,374,38,37,67,206,369,268,.558,1,6,.167,162,.604
Jordan Crawford,14.1,24,/players/c/crawfjo02.html,30,758,291,101,69,28,6,107,243,63,.440,30,82,.366,47,.746
Jae Crowder,12.7,22,/players/c/crowdja01.html,37,1021,435,251,58,48,32,158,326,125,.485,42,117,.359,77,.616
Dante Cunningham,11.1,25,/players/c/cunnida01.html,33,629,71,132,25,27,19,29,62,33,.468,0,0,0,13,.394
Jared Cunningham,6.8,21,/players/c/cunnija01.html,32,611,199,64,29,43,3,65,127,83,.512,7,21,.333,62,.747
Stephen Curry,23.8,24,/players/c/curryst01.html,34,1049,730,157,95,62,6,242,523,145,.463,122,299,.408,124,.855
Samuel Dalembert,15.4,31,/players/d/dalemsa01.html,30,643,179,179,10,8,107,75,149,56,.503,0,0,0,29,.518
Marquis Daniels,12.9,32,/players/d/daniema01.html,17,216,77,45,8,5,2,32,72,20,.444,3,15,.200,10,.500
Anthony Davis,27.0,19,/players/d/davisan02.html,40,1281,567,415,50,54,186,210,337,203,.623,3,20,.150,144,.709
Ed Davis,16.4,23,/players/d/davised01.html,38,716,253,250,22,14,65,99,191,96,.518,0,0,0,55,.573
Glen Davis,12.4,27,/players/d/davisgl01.html,30,876,406,263,31,29,41,138,269,182,.513,3,12,.250,127,.698
Austin Daye,11.6,24,/players/d/dayeau01.html,33,611,347,154,32,21,54,116,244,101,.475,26,63,.413,89,.881
Luol Deng,15.4,27,/players/d/denglu01.html,37,1149,558,255,68,49,39,210,441,138,.476,40,111,.360,98,.710
Justin Dentmon,3.8,27,/players/d/dentmju01.html,33,913,274,117,124,52,5,79,193,118,.409,20,70,.286,96,.814
DeMar DeRozan,19.0,23,/players/d/derozde01.html,35,1168,485,201,51,31,13,192,367,147,.523,6,36,.167,95,.646
Toney Douglas,13.2,26,/players/d/douglto01.html,31,1103,525,165,57,43,3,179,422,133,.424,62,166,.373,105,.789
Chris Douglas-Roberts,11.5,26,/players/d/douglch01.html,34,768,283,113,51,26,15,102,192,94,.531,9,29,.310,70,.745
Andre Drummond,21.8,19,/players/d/drumman01.html,34,967,340,257,15,28,92,157,292,88,.538,0,2,.000,26,.295
Jared Dudley,12.5,27,/players/d/dudleja01.html,34,1156,405,225,95,44,8,131,282,173,.465,18,57,.316,125,.723
Chris Duhon,10.8,30,/players/d/duhonch01.html,39,1085,280,124,174,77,1,92,217,80,.424,44,122,.361,52,.650
Kevin Durant,25.3,24,/players/d/duranke01.html,35,1255,903,390,46,66,67,306,647,256,.473,82,203,.404,209,.816
Devin Ebanks,9.6,23,/players/e/ebankde01.html,35,1056,367,273,93,29,25,132,281,140,.470,5,40,.125,98,.700
Wayne Ellington,11.1,25,/players/e/ellinwa01.html,38,909,445,109,79,29,1,164,379,61,.433,66,178,.371,51,.836
Kim English,7.9,24,/players/e/engliki01.html,38,547,247,62,42,19,4,82,212,58,.387,41,110,.373,42,.724
Jeremy Evans,17.3,25,/players/e/evansje01.html,32,672,224,182,16,19,44,87,135,73,.644,1,1,1.000,49,.671
Tyreke Evans,17.1,23,/players/e/evansty01.html,37,1072,632,198,143,77,29,230,505,194,.455,34,124,.274,138,.711
Festus Ezeli,13.4,23,/players/e/ezelife01.html,29,360,110,74,1,4,22,41,75,55,.547,0,0,0,28,.509
Kenneth Faried,19.7,23,/players/f/farieke01.html,30,605,315,241,9,37,24,132,256,88,.516,0,3,.000,51,.580
Derrick Favors,18.8,21,/players/f/favorde01.html,36,989,448,303,37,32,74,179,293,143,.611,0,1,.000,90,.629
Raymond Felton,13.8,28,/players/f/feltora01.html,35,1240,450,143,236,56,9,151,379,114,.398,69,193,.358,79,.693
Landry Fields,12.1,24,/players/f/fieldla01.html,30,420,125,74,22,7,4,45,124,23,.363,20,66,.303,15,.652
Randy Foye,12.0,29,/players/f/foyera01.html,31,830,318,110,90,30,7,110,304,83,.362,29,96,.302,69,.831
Jimmer Fredette,12.5,23,/players/f/fredeji01.html,35,647,244,37,61,27,3,83,204,41,.407,43,128,.336,35,.854
Francisco Garc√≠a,12.3,31,/players/g/garcifr01.html,32,696,358,94,67,28,40,126,258,55,.488,57,134,.425,49,.891
Diante Garrett,7.3,24,/players/g/garredi02.html,32,711,201,58,91,28,2,67,191,83,.351,9,41,.220,58,.699
Rudy Gay,16.3,26,/players/g/gayru01.html,31,893,367,168,48,25,59,132,286,106,.462,28,60,.467,75,.708
Alonzo Gee,10.7,25,/players/g/geeal01.html,31,718,267,105,39,29,6,103,213,72,.484,24,81,.296,37,.514
Paul George,19.4,22,/players/g/georgpa01.html,34,1176,487,212,63,59,34,166,353,132,.470,63,141,.447,92,.697
Daniel Gibson,10.8,26,/players/g/gibsoda01.html,31,1018,439,112,121,55,8,131,314,137,.417,74,186,.398,103,.752
Taj Gibson,15.3,27,/players/g/gibsota01.html,37,1198,452,321,55,20,69,174,312,167,.558,0,0,0,104,.623
Ben Gordon,14.9,29,/players/g/gordobe01.html,34,844,427,93,105,34,6,140,315,117,.444,62,150,.413,85,.726
Eric Gordon,14.0,24,/players/g/gordoer01.html,32,1110,669,104,78,42,20,184,425,277,.433,70,208,.337,231,.834
Andrew Goudelock,8.6,24,/players/g/goudean01.html,33,956,434,83,69,33,6,167,358,31,.466,73,173,.422,27,.871
Danny Granger,16.9,29,/players/g/grangda01.html,29,712,323,207,21,37,70,111,249,124,.446,3,17,.176,98,.790
Aaron Gray,11.5,28,/players/g/grayaa01.html,15,88,26,22,6,0,3,11,20,7,.550,0,0,0,4,.571
Danny Green,12.6,25,/players/g/greenda02.html,31,475,231,116,33,21,32,81,187,53,.433,27,76,.355,42,.792
Draymond Green,14.6,22,/players/g/greendr01.html,37,422,122,122,31,21,9,45,81,52,.556,0,1,.000,32,.615
Jeff Green,13.1,26,/players/g/greenje02.html,32,1083,418,212,93,31,52,146,291,146,.502,24,60,.400,102,.699
Willie Green,11.0,31,/players/g/greenwi01.html,32,800,269,83,60,22,10,91,218,75,.417,26,68,.382,61,.813
Blake Griffin,21.0,23,/players/g/griffbl01.html,33,937,484,301,61,33,28,184,324,197,.568,0,2,.000,116,.589
Jordan Hamilton,13.4,22,/players/h/hamiljo02.html,34,676,341,126,50,27,12,123,300,64,.410,58,159,.365,37,.578
Ben Hansbrough,7.2,25,/players/h/hansbbe01.html,35,827,255,98,112,35,0,75,175,74,.429,47,114,.412,58,.784
Tyler Hansbrough,14.8,27,/players/h/hansbty01.html,31,943,587,243,40,38,23,199,349,253,.570,2,4,.500,187,.739
James Harden,24.4,23,/players/h/hardeja01.html,34,1158,605,179,110,73,19,196,372,224,.527,44,108,.407,169,.754
Maurice Harkless,11.7,19,/players/h/harklma01.html,32,1155,497,276,47,51,45,193,427,139,.452,17,79,.215,94,.676
Josh Harrellson,13.4,23,/players/h/harrejo01.html,34,315,123,85,9,9,20,46,103,36,.447,5,15,.333,26,.722
Devin Harris,16.0,29,/players/h/harride01.html,32,1094,394,105,56,43,18,117,283,130,.413,59,161,.366,101,.777
Terrel Harris,3.5,25,/players/h/harrite01.html,32,429,143,64,27,17,4,50,107,37,.467,15,34,.441,28,.757
Tobias Harris,16.7,20,/players/h/harrito02.html,34,993,521,247,44,24,29,185,402,170,.460,23,76,.303,128,.753
Udonis Haslem,12.9,32,/players/h/hasleud01.html,31,660,327,154,24,22,21,117,194,157,.603,0,2,.000,93,.592
Spencer Hawes,14.0,24,/players/h/hawessp01.html,31,896,461,197,60,16,54,193,363,98,.532,1,3,.333,74,.755
Chuck Hayes,12.2,29,/players/h/hayesch01.html,32,534,188,143,34,25,12,67,145,65,.462,6,22,.273,48,.738
Gordon Hayward,17.1,22,/players/h/haywago01.html,32,1045,420,207,63,48,30,125,261,124,.479,69,154,.448,101,.815
Lazar Hayward,9.0,26,/players/h/haywala01.html,34,553,224,124,10,20,3,83,194,72,.428,10,48,.208,48,.667
Xavier Henry,9.3,21,/players/h/henryxa01.html,36,990,483,157,53,54,18,162,354,115,.458,69,165,.418,90,.783
John Henson,17.1,22,/players/h/hensojo01.html,37,586,212,164,34,27,58,88,181,73,.486,4,18,.222,32,.438
Roy Hibbert,15.5,26,/players/h/hibbero01.html,32,507,163,111,30,11,40,60,128,65,.469,0,0,0,43,.662
J.J. Hickson,16.1,24,/players/h/hicksjj01.html,31,890,458,262,31,22,47,163,276,195,.591,0,1,.000,132,.677
Cory Higgins,4.7,23,/players/h/higgico01.html,32,1074,266,136,73,36,11,95,207,75,.459,25,75,.333,51,.680
George Hill,14.6,26,/players/h/hillge01.html,29,824,310,131,65,41,7,114,218,86,.523,21,51,.412,61,.709
Jordan Hill,16.3,25,/players/h/hilljo01.html,29,409,137,118,3,6,26,58,89,47,.652,0,0,0,21,.447
Kirk Hinrich,12.8,32,/players/h/hinriki01.html,34,726,188,82,123,35,17,69,161,34,.429,25,80,.313,25,.735
Jrue Holiday,17.5,22,/players/h/holidjr01.html,35,950,296,132,129,55,18,112,249,62,.450,27,88,.307,45,.726
Justin Holiday,10.5,23,/players/h/holidju01.html,19,125,13,25,8,4,5,5,17,7,.294,0,4,.000,3,.429
Ryan Hollins,11.0,28,/players/h/holliry01.html,24,401,104,85,5,6,21,38,64,57,.594,0,0,0,28,.491
Tyler Honeycutt,8.1,22,/players/h/honeyty01.html,26,719,187,169,70,39,31,69,139,65,.496,10,29,.345,39,.600
Al Horford,18.2,26,/players/h/horfoal01.html,32,730,179,209,28,26,51,61,127,98,.480,0,0,0,57,.582
Josh Howard,16.7,32,/players/h/howarjo01.html,36,896,331,168,64,44,33,128,278,108,.460,12,42,.286,63,.583
Kris Humphries,15.4,27,/players/h/humphkr01.html,29,990,629,294,20,27,33,221,498,229,.444,17,50,.340,170,.742
Andre Iguodala,15.4,29,/players/i/iguodan01.html,32,614,206,156,66,47,18,69,181,88,.381,9,44,.205,59,.670
Kyrie Irving,22.4,20,/players/i/irvinky01.html,11,303,192,37,47,16,6,55,104,71,.529,18,39,.462,64,.901
Royal Ivey,8.4,31,/players/i/iveyro01.html,33,520,94,54,57,24,5,31,85,44,.365,3,12,.250,29,.659
Jarrett Jack,14.1,29,/players/j/jackja01.html,31,984,294,110,185,51,3,97,213,118,.455,17,60,.283,83,.703
Reggie Jackson,14.9,22,/players/j/jacksre01.html,34,680,237,111,59,28,14,91,207,54,.440,18,66,.273,37,.685
Bernard James,13.8,27,/players/j/jamesbe01.html,34,719,293,201,8,29,82,117,178,117,.657,0,0,0,59,.504
Damion James,8.5,25,/players/j/jamesda01.html,35,908,265,253,32,20,42,99,201,111,.493,1,11,.091,66,.595
Charles Jenkins,10.7,23,/players/j/jenkich01.html,29,1004,436,133,60,49,15,160,340,123,.471,20,61,.328,96,.780
John Jenkins,11.7,21,/players/j/jenkijo01.html,31,716,338,69,30,14,5,109,233,60,.468,72,149,.483,48,.800
Chris Johnson,14.3,27,/players/j/johnsch03.html,10,43,13,7,3,2,3,6,18,2,.333,0,6,.000,1,.500
Ivan Johnson,15.1,28,/players/j/johnsiv01.html,28,452,209,90,12,25,8,82,164,71,.500,0,4,.000,45,.634
James Johnson,13.9,25,/players/j/johnsja01.html,30,875,438,244,37,41,40,164,337,119,.487,28,100,.280,82,.689
Orlando Johnson,8.5,23,/players/j/johnsor01.html,31,807,383,152,65,18,12,133,323,120,.412,40,125,.320,77,.642
Wesley Johnson,10.0,25,/players/j/johnswe01.html,31,983,381,244,33,24,33,141,317,89,.445,32,109,.294,67,.753
Darius Johnson-Odom,-18.4,23,/players/j/johnsda03.html,34,1009,442,90,81,30,6,152,334,96,.455,73,154,.474,65,.677
Dahntay Jones,9.5,32,/players/j/jonesda02.html,32,841,341,130,49,38,26,119,281,113,.423,11,34,.324,92,.814
DeQuan Jones,8.4,22,/players/j/jonesde01.html,32,353,86,55,15,10,12,33,98,30,.337,1,13,.077,19,.633
Dominique Jones,11.9,24,/players/j/jonesdo02.html,31,1085,531,143,86,47,8,177,385,162,.460,54,153,.353,123,.759
James Jones,11.3,32,/players/j/jonesja02.html,33,424,129,64,11,16,18,52,122,18,.426,10,32,.313,15,.833
Kevin Jones,11.1,23,/players/j/joneske01.html,35,676,221,170,22,21,23,96,194,46,.495,3,14,.214,26,.565
Perry Jones,8.5,21,/players/j/jonespe01.html,30,1017,417,215,36,16,27,162,295,137,.549,2,10,.200,91,.664
Solomon Jones,10.2,28,/players/j/jonesso01.html,30,782,198,185,22,13,64,77,141,80,.546,0,0,0,44,.550
Terrence Jones,17.1,21,/players/j/joneste01.html,38,1196,595,336,60,43,72,206,466,243,.442,26,79,.329,157,.646
DeAndre Jordan,18.4,24,/players/j/jordade01.html,35,703,278,210,15,7,44,113,183,119,.617,0,0,0,52,.437
Cory Joseph,12.1,21,/players/j/josepco01.html,36,1166,375,128,109,37,11,136,322,73,.422,52,126,.413,51,.699
Kris Joseph,0.6,24,/players/j/josepkr01.html,34,458,116,81,17,30,8,44,103,52,.427,7,26,.269,21,.404
Chris Kaman,14.9,30,/players/k/kamanch01.html,28,520,273,135,6,14,45,105,183,90,.574,0,0,0,63,.700
Michael Kidd-Gilchrist,13.4,19,/players/k/kiddgmi01.html,40,1245,476,297,75,39,37,160,326,192,.491,13,51,.255,143,.745
Linas Kleiza,12.4,28,/players/k/kleizli01.html,16,370,177,135,13,7,5,64,146,66,.438,8,23,.348,41,.621
Brandon Knight,13.7,21,/players/k/knighbr03.html,38,1363,657,153,159,25,8,217,513,171,.423,87,231,.377,136,.795
Kyle Korver,12.8,31,/players/k/korveky01.html,33,601,291,101,32,21,5,97,204,38,.475,63,145,.434,34,.895
Kosta Koufos,15.4,23,/players/k/koufoko01.html,37,1003,534,247,19,16,67,222,437,100,.508,22,63,.349,68,.680
Doron Lamb,6.3,21,/players/l/lambdo01.html,38,1078,469,75,62,22,6,161,324,100,.497,68,140,.486,79,.790
Jeremy Lamb,15.6,20,/players/l/lambje01.html,41,1140,457,183,66,35,25,182,374,59,.487,46,125,.368,47,.797
Carl Landry,17.5,29,/players/l/landrca01.html,25,757,456,178,31,21,18,160,259,195,.618,4,18,.222,132,.677
Ty Lawson,17.2,25,/players/l/lawsoty01.html,38,977,388,112,213,58,4,141,282,109,.500,31,87,.356,75,.688
Courtney Lee,12.2,27,/players/l/leeco01.html,31,1028,461,160,63,55,17,176,391,72,.450,57,143,.399,52,.722
David Lee,19.1,29,/players/l/leeda02.html,31,557,218,145,32,20,21,84,145,91,.579,0,0,0,50,.549
Malcolm Lee,9.5,22,/players/l/leema01.html,29,309,92,44,17,14,4,38,76,24,.500,6,20,.300,10,.417
Kawhi Leonard,23.4,21,/players/l/leonaka01.html,34,1064,433,336,65,47,24,166,365,117,.455,16,78,.205,85,.726
Meyers Leonard,12.0,20,/players/l/leoname01.html,33,272,68,41,5,5,13,28,58,17,.483,0,1,.000,12,.706
Jon Leuer,14.5,23,/players/l/leuerjo01.html,32,276,94,40,12,4,3,34,72,29,.472,12,26,.462,14,.483
DeAndre Liggins,7.3,24,/players/l/liggide01.html,33,546,139,77,92,24,14,46,127,52,.362,12,51,.235,35,.673
Damian Lillard,22.5,22,/players/l/lillada01.html,31,911,356,120,89,33,6,119,274,82,.434,49,131,.374,69,.841
Jeremy Lin,15.3,24,/players/l/linje01.html,28,506,133,70,49,28,3,44,106,44,.415,9,32,.281,36,.818
Brook Lopez,19.2,24,/players/l/lopezbr01.html,26,654,328,156,20,11,45,140,282,65,.496,3,15,.200,45,.692
Robin Lopez,15.9,24,/players/l/lopezro01.html,31,743,234,172,29,5,73,96,200,77,.480,0,1,.000,42,.545
Kevin Love,20.9,24,/players/l/loveke01.html,39,1156,681,415,75,27,56,227,406,258,.559,29,82,.354,198,.767
Kyle Lowry,17.8,26,/players/l/lowryky01.html,24,557,180,76,49,31,5,64,152,74,.421,5,22,.227,47,.635
John Lucas III,11.8,30,/players/l/lucasjo02.html,30,1006,395,76,120,40,0,143,330,63,.433,59,158,.373,50,.794
Scott Machado,13.7,22,/players/m/machasc01.html,31,836,288,104,150,40,2,90,222,134,.405,15,54,.278,93,.694
Shelvin Mack,12.3,22,/players/m/macksh01.html,32,982,382,142,111,36,1,122,312,107,.391,57,175,.326,81,.757
Kendall Marshall,10.7,21,/players/m/marshke01.html,37,912,230,77,230,40,3,76,181,84,.420,20,52,.385,58,.690
Cartier Martin,10.1,28,/players/m/martica01.html,20,377,138,60,21,4,0,49,124,37,.395,17,49,.347,23,.622
Kevin Martin,17.7,29,/players/m/martike02.html,28,913,619,133,43,51,10,196,405,186,.484,73,191,.382,154,.828
Wesley Matthews,12.3,26,/players/m/matthwe02.html,23,573,207,93,51,29,5,65,163,80,.399,14,32,.438,63,.788
Jason Maxiell,13.0,29,/players/m/maxieja01.html,35,732,282,237,3,24,52,117,212,82,.552,0,0,0,48,.585
Eric Maynor,10.6,25,/players/m/maynoer01.html,29,455,135,38,65,22,0,49,114,41,.430,3,15,.200,34,.829
O.J. Mayo,13.4,25,/players/m/mayooj01.html,33,1216,684,150,109,51,13,237,536,152,.442,88,215,.409,122,.803
Luc Mbah a Moute,10.7,26,/players/m/mbahalu01.html,39,1151,354,318,52,44,22,134,249,112,.538,5,38,.132,81,.723
JaVale McGee,19.6,25,/players/m/mcgeeja01.html,33,330,108,72,3,6,30,45,75,34,.600,2,3,.667,16,.471
Dominic McGuire,9.8,27,/players/m/mcguido01.html,26,409,111,88,21,11,22,46,119,38,.387,3,22,.136,16,.421
Josh McRoberts,13.2,25,/players/m/mcrobjo01.html,36,883,312,189,53,41,46,115,190,116,.605,5,13,.385,77,.664
Jodie Meeks,12.8,25,/players/m/meeksjo01.html,34,751,295,96,51,32,2,95,227,68,.419,44,121,.364,61,.897
Fab Melo,4.9,22,/players/m/melofa01.html,33,327,77,64,8,10,25,34,56,25,.607,0,0,0,9,.360
Khris Middleton,16.7,21,/players/m/middlkh01.html,34,710,245,125,37,29,10,79,190,72,.416,33,102,.324,54,.750
Darius Miller,8.7,22,/players/m/milleda01.html,36,764,191,111,72,27,22,66,161,51,.410,18,54,.333,41,.804
Quincy Miller,8.4,20,/players/m/millequ01.html,37,903,393,182,53,25,24,138,309,114,.447,24,69,.348,93,.816
Patty Mills,13.5,24,/players/m/millspa02.html,32,1027,472,67,111,57,3,161,375,117,.429,61,189,.323,89,.761
Paul Millsap,18.7,27,/players/m/millspa01.html,30,1053,467,374,22,26,52,175,298,181,.587,1,1,1.000,116,.641
Greg Monroe,20.1,22,/players/m/monrogr01.html,31,958,393,203,79,57,45,143,250,150,.572,2,6,.333,105,.700
E'Twaun Moore,11.4,23,/players/m/mooreet01.html,34,1040,437,131,88,32,15,159,359,74,.443,66,152,.434,53,.716
Darius Morris,7.7,22,/players/m/morrida01.html,32,777,140,58,84,20,5,52,128,46,.406,7,39,.179,29,.630
Marcus Morris,13.2,23,/players/m/morrima03.html,35,646,258,166,38,36,12,94,190,106,.495,6,15,.400,64,.604
Markieff Morris,13.5,23,/players/m/morrima02.html,35,547,162,155,34,14,25,60,134,60,.448,3,16,.188,39,.650
Anthony Morrow,13.2,27,/players/m/morroan01.html,31,392,177,59,11,14,8,61,154,19,.396,38,104,.365,17,.895
Arnett Moultrie,14.1,22,/players/m/moultar01.html,37,992,325,302,24,31,35,130,259,101,.502,11,39,.282,54,.535
Byron Mullens,12.2,23,/players/m/mulleby01.html,33,671,292,154,9,16,37,120,188,93,.638,0,1,.000,52,.559
Kevin Murphy,-4.5,22,/players/m/murphke01.html,30,610,287,88,49,17,7,95,248,82,.383,38,91,.418,59,.720
Gary Neal,12.6,28,/players/n/nealga01.html,29,930,540,122,47,18,1,169,423,142,.400,86,230,.374,116,.817
Jameer Nelson,14.4,30,/players/n/nelsoja01.html,33,1114,412,133,213,55,2,131,284,133,.461,41,110,.373,109,.820
Andrew Nicholson,12.2,23,/players/n/nichoan01.html,30,754,376,180,7,17,81,154,256,111,.602,0,1,.000,68,.613
Joakim Noah,17.6,27,/players/n/noahjo01.html,29,273,102,72,15,6,19,36,60,52,.600,0,0,0,30,.577
Steve Novak,12.7,29,/players/n/novakst01.html,33,512,220,71,17,7,0,67,133,33,.504,55,109,.505,31,.939
Kyle O'Quinn,17.9,22,/players/o/oquinky01.html,31,518,164,104,12,10,25,62,126,37,.492,17,45,.378,23,.622
Emeka Okafor,17.0,30,/players/o/okafoem01.html,34,1021,267,306,27,26,138,105,178,92,.590,0,0,0,57,.620
Daniel Orton,11.9,22,/players/o/ortonda01.html,38,502,129,126,15,21,53,48,91,63,.527,0,2,.000,33,.524
Jeremy Pargo,8.2,26,/players/p/pargoje01.html,33,565,89,71,67,29,3,29,104,34,.279,8,35,.229,23,.676
Chandler Parsons,14.7,24,/players/p/parsoch01.html,36,744,293,143,51,18,8,103,218,83,.472,35,108,.324,52,.627
Patrick Patterson,12.5,23,/players/p/pattepa01.html,25,893,411,192,43,21,31,162,282,119,.574,0,3,.000,87,.731
Chris Paul,24.3,27,/players/p/paulch01.html,31,1041,460,101,183,84,12,135,272,178,.496,40,86,.465,150,.843
Dexter Pittman,9.1,24,/players/p/pittmde01.html,29,155,74,52,2,5,10,29,48,34,.604,0,0,0,16,.471
Miles Plumlee,13.7,24,/players/p/plumlmi01.html,24,165,42,34,1,4,12,18,38,11,.474,0,0,0,6,.545
Quincy Pondexter,9.8,24,/players/p/pondequ01.html,32,764,342,128,49,21,6,124,249,100,.498,18,48,.375,76,.760
A.J. Price,12.2,26,/players/p/priceaj01.html,31,742,291,93,113,37,2,99,256,100,.387,24,88,.273,69,.690
Ronnie Price,9.1,29,/players/p/pricero01.html,25,746,282,58,72,31,1,99,267,61,.371,37,134,.276,47,.770
Chris Quinn,12.2,29,/players/q/quinnch01.html,34,521,131,53,51,28,3,43,90,20,.478,29,66,.439,16,.800
Anthony Randolph,16.5,23,/players/r/randoan01.html,31,1016,483,263,38,35,70,183,394,166,.464,2,19,.105,115,.693
Shavlik Randolph,12.6,29,/players/r/randosh01.html,26,351,193,101,9,14,24,65,129,82,.504,7,19,.368,56,.683
J.J. Redick,14.9,28,/players/r/redicjj01.html,33,1013,495,81,67,38,2,149,361,111,.413,95,238,.399,102,.919
Luke Ridnour,13.9,31,/players/r/ridnolu01.html,28,848,208,70,106,29,4,59,174,77,.339,29,99,.293,61,.792
Austin Rivers,9.7,20,/players/r/riverau01.html,34,1129,527,115,71,33,1,174,402,184,.433,58,159,.365,121,.658
Brian Roberts,13.0,27,/players/r/roberbr01.html,29,586,267,77,42,14,0,90,200,56,.450,43,100,.430,44,.786
Nate Robinson,15.6,28,/players/r/robinna01.html,23,576,300,89,52,26,0,120,260,57,.462,19,74,.257,41,.719
Thomas Robinson,14.0,21,/players/r/robinth01.html,33,236,83,88,9,7,18,33,68,43,.485,0,0,0,17,.395
Rajon Rondo,15.8,26,/players/r/rondora01.html,34,854,274,97,118,87,8,102,200,103,.510,10,33,.303,60,.583
Terrence Ross,12.4,21,/players/r/rosste01.html,34,593,273,96,33,19,12,102,230,33,.443,44,125,.352,25,.758
Brandon Roy,20.0,28,/players/r/roybr01.html,13,224,79,38,13,4,3,30,60,37,.500,1,10,.100,18,.486
Brandon Rush,9.9,27,/players/r/rushbr01.html,33,1047,444,195,65,29,23,170,359,71,.474,50,106,.472,54,.761
Robert Sacre,10.8,23,/players/s/sacrero01.html,29,269,82,52,7,7,6,28,63,41,.444,0,0,0,26,.634
Samardo Samuels,10.8,24,/players/s/samuesa01.html,37,929,436,181,35,22,49,163,282,165,.578,0,1,.000,110,.667
Larry Sanders,15.4,24,/players/s/sandela01.html,32,531,157,165,4,11,95,63,125,68,.504,0,0,0,31,.456
Mike Scott,12.3,24,/players/s/scottmi01.html,32,579,182,168,15,20,12,63,143,74,.441,4,10,.400,52,.703
Josh Selby,2.7,21,/players/s/selbyjo01.html,26,530,206,58,56,21,1,72,193,37,.373,34,94,.362,28,.757
Ramon Sessions,15.9,26,/players/s/sessira01.html,32,994,288,120,166,47,3,106,257,101,.412,6,27,.222,70,.693
Iman Shumpert,9.7,22,/players/s/shumpim01.html,31,981,330,121,154,64,6,106,271,131,.391,32,102,.314,86,.656
Henry Sims,15.0,22,/players/s/simshe01.html,28,275,54,48,8,8,16,21,52,17,.404,2,12,.167,10,.588
Kyle Singler,9.5,24,/players/s/singlky01.html,34,972,451,198,48,36,25,159,348,106,.457,51,150,.340,82,.774
Chris Singleton,8.2,23,/players/s/singlch01.html,35,942,282,172,37,54,47,95,232,95,.409,34,102,.333,58,.611
Donald Sloan,11.9,25,/players/s/sloando01.html,34,606,176,64,60,24,2,67,137,42,.489,14,42,.333,28,.667
Greg Smith,13.8,22,/players/s/smithgr02.html,33,913,381,192,40,27,40,148,257,145,.576,0,0,0,85,.586
Ish Smith,13.1,24,/players/s/smithis01.html,31,927,269,117,186,36,1,102,238,91,.429,23,65,.354,42,.462
Jason Smith,12.9,26,/players/s/smithja02.html,26,635,274,152,45,11,36,103,186,95,.554,3,12,.250,65,.684
Nolan Smith,7.5,24,/players/s/smithno01.html,34,500,202,52,45,18,5,70,150,52,.467,22,57,.386,40,.769
Marreese Speights,16.7,25,/players/s/speigma01.html,33,189,134,86,2,8,15,57,85,30,.671,0,0,0,20,.667
Lance Stephenson,12.2,22,/players/s/stephla01.html,34,960,419,182,84,31,6,162,368,119,.440,16,73,.219,79,.664
Greg Stiemsma,11.0,27,/players/s/stiemgr01.html,10,27,11,6,0,1,2,5,6,2,.833,0,0,0,1,.500
Julyan Stone,9.5,24,/players/s/stoneju01.html,33,720,94,134,114,52,5,28,82,53,.341,8,34,.235,30,.566
Rodney Stuckey,14.9,26,/players/s/stuckro01.html,30,990,726,144,123,66,8,250,510,225,.490,55,148,.372,171,.760
Jared Sullinger,16.2,20,/players/s/sullija01.html,37,1172,635,377,43,37,20,222,410,267,.541,3,12,.250,188,.704
DaJuan Summers,7.1,25,/players/s/summeda01.html,37,975,339,138,40,30,24,108,262,106,.412,42,127,.331,81,.764
Tyshawn Taylor,5.8,22,/players/t/tayloty01.html,35,928,340,76,104,38,8,120,237,105,.506,24,66,.364,76,.724
Jeff Teague,16.8,24,/players/t/teaguje01.html,30,892,416,82,74,55,15,135,311,142,.434,32,81,.395,114,.803
Marquis Teague,4.9,19,/players/t/teaguma01.html,40,1303,401,101,191,37,11,145,352,119,.412,26,80,.325,85,.714
Garrett Temple,9.4,26,/players/t/templga01.html,36,1207,182,94,99,38,31,65,194,37,.335,27,109,.248,25,.676
Hasheem Thabeet,10.3,25,/players/t/thabeha01.html,31,762,193,199,12,6,118,67,121,115,.554,0,0,0,59,.513
Isaiah Thomas,19.6,23,/players/t/thomais02.html,35,993,541,106,91,38,2,180,431,207,.418,39,134,.291,142,.686
Lance Thomas,8.3,24,/players/t/thomala01.html,31,463,124,76,1,17,3,46,81,54,.568,0,0,0,32,.593
Malcolm Thomas,8.4,24,/players/t/thomama01.html,32,967,401,281,50,20,64,148,288,183,.514,0,0,0,105,.574
Tyrus Thomas,14.8,26,/players/t/thomaty01.html,32,829,395,295,42,33,99,152,250,137,.608,1,1,1.000,90,.657
Jason Thompson,13.5,26,/players/t/thompja02.html,30,830,274,221,45,21,29,104,236,91,.441,6,26,.231,60,.659
Klay Thompson,16.2,22,/players/t/thompkl01.html,33,1092,414,138,62,30,20,159,378,31,.421,68,165,.412,28,.903
Tristan Thompson,15.5,21,/players/t/thomptr01.html,36,1104,471,282,45,34,86,172,315,261,.546,0,0,0,127,.487
Marcus Thornton,15.5,25,/players/t/thornma01.html,31,1043,608,174,42,43,10,212,486,115,.436,90,239,.377,94,.817
Anthony Tolliver,10.9,27,/players/t/tollian01.html,27,175,22,34,7,5,8,10,25,9,.400,0,6,.000,2,.222
P.J. Tucker,10.0,27,/players/t/tuckepj01.html,33,742,342,225,27,29,6,133,243,117,.547,0,0,0,76,.650
Ronny Turiaf,13.8,30,/players/t/turiaro01.html,32,624,235,161,16,12,26,73,139,128,.525,0,2,.000,89,.695
Evan Turner,11.9,24,/players/t/turneev01.html,37,1004,313,164,98,47,19,109,232,103,.470,23,69,.333,72,.699
Ekpe Udoh,12.0,25,/players/u/udohek01.html,35,710,176,139,28,23,67,76,162,41,.469,0,3,.000,24,.585
Jarvis Varnado,11.5,24,/players/v/varnaja01.html,35,473,174,146,11,12,67,75,116,45,.647,0,1,.000,24,.533
Greivis V√°squez,13.7,26,/players/v/vasqugr01.html,34,980,334,112,157,39,5,114,257,94,.444,31,98,.316,75,.798
Charlie Villanueva,16.0,28,/players/v/villach01.html,32,607,286,168,23,6,48,113,220,63,.514,18,49,.367,42,.667
Nikola Vuƒçeviƒá,20.3,22,/players/v/vucevni01.html,23,254,59,61,7,9,9,26,45,8,.578,0,3,.000,7,.875
Dwyane Wade,23.5,31,/players/w/wadedw01.html,32,935,571,211,110,79,36,223,458,155,.487,18,52,.346,107,.690
Dion Waiters,12.0,21,/players/w/waitedi01.html,34,554,223,53,50,38,4,78,190,48,.411,28,85,.329,39,.813
Kemba Walker,19.1,22,/players/w/walkeke02.html,36,907,321,125,104,38,6,110,234,123,.470,13,48,.271,88,.715
John Wall,19.0,22,/players/w/walljo01.html,37,1288,616,159,241,66,19,202,438,232,.461,37,114,.325,175,.754
Luke Walton,11.7,32,/players/w/waltolu01.html,34,868,193,138,131,36,21,65,184,73,.353,11,55,.200,52,.712
Hakim Warrick,15.5,30,/players/w/warriha01.html,35,609,214,168,18,20,22,95,172,60,.552,1,2,.500,23,.383
C.J. Watson,13.1,28,/players/w/watsocj01.html,29,1038,263,121,160,36,6,80,188,121,.426,24,66,.364,79,.653
Maalik Wayns,5.7,21,/players/w/waynsma01.html,33,495,226,49,42,21,1,76,175,70,.434,17,54,.315,57,.814
David West,18.6,32,/players/w/westda01.html,33,970,386,301,57,52,35,143,269,150,.532,0,0,0,100,.667
Russell Westbrook,22.2,24,/players/w/westbru01.html,36,325,122,28,24,14,1,48,105,31,.457,9,22,.409,17,.548
D.J. White,14.5,26,/players/w/whitedj01.html,29,814,386,143,23,14,64,143,250,141,.572,0,0,0,100,.709
James White,9.9,30,/players/w/whiteja02.html,30,615,182,86,51,27,17,71,169,40,.420,20,69,.290,20,.500
Damien Wilkins,11.5,33,/players/w/wilkida02.html,34,1083,389,197,77,41,21,127,311,159,.408,29,89,.326,106,.667
Deron Williams,18.2,28,/players/w/willide01.html,32,868,202,95,145,46,5,75,176,45,.426,28,79,.354,24,.533
Derrick Williams,13.4,21,/players/w/willide02.html,31,875,486,219,22,19,20,162,282,232,.574,4,16,.250,158,.681
Marvin Williams,13.6,26,/players/w/willima02.html,36,800,407,236,26,39,17,125,247,163,.506,19,44,.432,138,.847
Mo Williams,15.0,30,/players/w/willima01.html,35,1121,363,137,159,59,4,123,327,98,.376,33,126,.262,84,.857
Terrence Williams,11.5,25,/players/w/willite01.html,33,828,278,155,70,33,11,104,266,49,.391,40,129,.310,30,.612
Brandan Wright,20.3,25,/players/w/wrighbr03.html,37,1013,545,229,37,36,65,228,353,157,.646,0,0,0,89,.567
Chris Wright,-1.9,23,/players/w/wrighch02.html,16,277,91,39,34,14,1,34,70,23,.486,11,23,.478,12,.522
Tony Wroten,12.6,19,/players/w/wroteto01.html,35,1062,559,176,130,66,13,198,447,264,.443,9,56,.161,154,.583
Nick Young,12.9,27,/players/y/youngni01.html,29,746,321,118,38,22,9,123,279,73,.441,28,89,.315,47,.644
Sam Young,11.5,27,/players/y/youngsa01.html,33,672,261,144,28,22,20,98,188,88,.521,4,21,.190,61,.693
Thaddeus Young,16.4,24,/players/y/youngth01.html,31,917,445,151,63,39,12,177,370,70,.478,39,93,.419,52,.743
Luke Zeller,5.6,25,/players/z/zellelu01.html,27,371,92,85,28,3,7,32,88,17,.364,20,59,.339,8,.471
Tyler Zeller,14.9,23,/players/z/zellety01.html,15,117,47,30,3,3,3,17,36,17,.472,0,0,0,13,.765
Precious Achiuwa,13.8,23,/players/a/achiupr01.html,31,943,489,334,30,34,58,182,369,187,.493,13,40,.325,112,.599
Steven Adams,17.1,29,/players/a/adamsst01.html,32,749,231,203,20,21,65,100,175,70,.571,0,0,0,31,.443
Bam Adebayo,20.0,25,/players/a/adebaba01.html,38,1145,494,304,32,26,57,170,284,236,.599,0,0,0,154,.653
Ochai Agbaji,9.5,22,/players/a/agbajoc01.html,22,569,188,101,20,10,12,70,156,36,.449,23,75,.307,25,.694
Santi Aldama,13.3,22,/players/a/aldamsa01.html,10,304,152,76,21,9,17,61,133,33,.459,13,60,.217,17,.515
Nickeil Alexander-Walker,11.0,24,/players/a/alexani01.html,33,839,352,127,49,28,18,124,276,63,.449,58,148,.392,46,.730
Grayson Allen,12.2,27,/players/a/allengr01.html,35,322,153,35,14,10,5,45,106,53,.425,18,52,.346,45,.849
Jarrett Allen,20.0,24,/players/a/allenja01.html,33,1061,442,278,27,19,51,179,316,149,.566,0,7,.000,84,.564
Jose Alvarado,13.6,24,/players/a/alvarjo01.html,25,874,303,93,77,43,2,99,221,81,.448,40,108,.370,65,.802
Kyle Anderson,14.3,29,/players/a/anderky01.html,35,1046,338,302,122,62,31,122,293,117,.416,8,38,.211,86,.735
Cole Anthony,13.9,22,/players/a/anthoco01.html,22,768,407,125,88,29,6,131,345,128,.380,49,141,.348,96,.750
OG Anunoby,13.2,25,/players/a/anunoog01.html,34,466,165,90,18,27,26,66,116,42,.569,13,29,.448,20,.476
Ryan Arcidiacono,9.9,28,/players/a/arcidry01.html,34,1156,405,72,119,38,0,106,309,148,.343,71,217,.327,122,.824
Deandre Ayton,20.5,24,/players/a/aytonde01.html,35,1172,704,405,57,20,66,276,451,191,.612,12,35,.343,140,.733
Udoka Azubuike,16.0,23,/players/a/azubuud01.html,11,142,55,48,2,2,18,22,35,29,.629,0,0,0,11,.379
Marvin Bagley III,17.1,23,/players/b/baglema01.html,33,1118,694,366,50,27,29,270,440,209,.614,23,58,.397,131,.627
Patrick Baldwin Jr.,11.3,20,/players/b/baldwpa01.html,11,314,133,64,17,9,9,45,131,35,.344,17,64,.266,26,.743
Mo Bamba,16.7,24,/players/b/bambamo01.html,30,906,387,316,15,23,111,146,270,119,.541,14,51,.275,81,.681
Paolo Banchero,14.9,20,/players/b/banchpa01.html,39,1286,671,304,124,41,36,245,513,188,.478,44,130,.338,137,.729
Desmond Bane,16.6,24,/players/b/banede01.html,39,807,277,113,38,12,9,102,198,56,.515,30,79,.380,43,.768
Dalano Banton,11.4,23,/players/b/bantoda01.html,31,469,105,92,65,14,16,39,97,34,.402,8,37,.216,19,.559
Scottie Barnes,15.9,21,/players/b/barnesc01.html,24,595,248,96,98,35,11,98,195,66,.503,11,40,.275,41,.621
RJ Barrett,12.8,22,/players/b/barrerj01.html,38,1341,860,288,164,34,16,319,702,224,.454,73,237,.308,149,.665
Charles Bassey,19.5,22,/players/b/bassech01.html,34,1067,495,340,24,27,81,188,300,143,.627,9,20,.450,110,.769
Keita Bates-Diop,12.9,27,/players/b/bateske01.html,33,327,125,68,17,11,19,44,93,28,.473,18,39,.462,19,.679
Malik Beasley,12.4,26,/players/b/beaslma01.html,34,1014,529,180,51,32,6,185,393,128,.471,55,142,.387,104,.813
Saddiq Bey,13.8,23,/players/b/beysa01.html,36,1064,296,183,46,31,12,109,238,45,.458,49,131,.374,29,.644
Khem Birch,14.6,30,/players/b/birchkh01.html,10,150,44,50,0,2,19,16,28,22,.571,0,0,0,12,.545
Buddy Boeheim,0.5,23,/players/b/boehebu01.html,32,546,217,52,33,18,3,72,189,33,.381,47,133,.353,26,.788
Bol Bol,13.9,23,/players/b/bolbo01.html,9,268,189,86,9,7,24,74,132,37,.561,13,25,.520,28,.757
Devin Booker,18.4,26,/players/b/bookede01.html,38,816,381,76,42,17,2,135,287,64,.470,58,141,.411,53,.828
Brandon Boston Jr.,11.8,21,/players/b/bostobr01.html,25,759,287,112,40,33,4,103,290,65,.355,30,100,.300,51,.785
Chris Boucher,19.5,30,/players/b/bouchch01.html,38,981,459,280,15,30,110,159,295,149,.539,39,115,.339,102,.685
James Bouknight,7.7,22,/players/b/bouknja01.html,28,725,364,115,36,21,6,128,277,101,.462,25,72,.347,83,.822
Jamaree Bouyea,6.5,23,/players/b/bouyeja01.html,36,480,90,60,33,25,10,33,101,22,.327,9,39,.231,15,.682
Tony Bradley,19.3,25,/players/b/bradlto01.html,38,553,269,195,23,10,22,102,178,105,.573,0,0,0,65,.619
Malaki Branham,9.5,19,/players/b/branhma01.html,32,948,437,114,64,23,9,160,321,96,.498,37,89,.416,80,.833
Jarrell Brantley,13.9,26,/players/b/brantja01.html,31,880,364,227,40,40,14,134,290,116,.462,13,39,.333,83,.716
Christian Braun,10.3,21,/players/b/braunch01.html,31,569,163,90,15,21,7,56,130,26,.431,32,72,.444,19,.731
Mikal Bridges,14.4,26,/players/b/bridgmi01.html,40,813,254,128,35,42,26,86,165,75,.521,23,77,.299,59,.787
Oshae Brissett,12.6,24,/players/b/brissos01.html,37,1411,553,327,34,43,29,162,458,221,.354,55,166,.331,174,.787
Malcolm Brogdon,17.0,30,/players/b/brogdma01.html,28,626,188,78,38,14,3,63,159,50,.396,22,68,.324,40,.800
Dillon Brooks,10.9,27,/players/b/brookdi01.html,36,1020,413,176,65,18,20,150,329,103,.456,28,83,.337,85,.825
Bruce Brown,12.8,26,/players/b/brownbr01.html,33,1053,391,186,106,49,18,134,292,121,.459,33,95,.347,90,.744
Greg Brown III,10.4,21,/players/b/browngr01.html,26,535,243,161,10,15,26,81,193,72,.420,30,91,.330,51,.708
Jaylen Brown,16.4,26,/players/b/brownja02.html,34,939,498,182,68,27,22,163,378,217,.431,30,102,.294,142,.654
Kendall Brown,9.1,19,/players/b/brownke03.html,34,918,329,166,63,34,12,132,226,74,.584,14,41,.341,51,.689
Moses Brown,19.1,23,/players/b/brownmo01.html,32,748,311,266,9,19,62,133,219,128,.607,0,0,0,45,.352
Sterling Brown,10.0,27,/players/b/brownst02.html,37,719,161,139,40,27,11,60,128,42,.469,17,47,.362,24,.571
Troy Brown Jr.,11.0,23,/players/b/browntr01.html,35,1093,396,217,111,55,7,143,322,105,.444,32,110,.291,78,.743
Jalen Brunson,17.2,26,/players/b/brunsja01.html,40,959,383,70,100,28,0,126,279,106,.452,49,128,.383,82,.774
Thomas Bryant,20.0,25,/players/b/bryanth01.html,35,791,415,202,34,17,32,157,230,136,.683,5,15,.333,96,.706
Reggie Bullock,10.1,31,/players/b/bullore01.html,27,392,166,76,16,18,3,62,169,23,.367,29,98,.296,13,.565
Deonte Burton,5.2,29,/players/b/burtode02.html,32,402,222,69,17,35,14,87,182,68,.478,4,8,.500,44,.647
Jared Butler,12.2,22,/players/b/butleja02.html,34,910,348,106,93,33,3,117,296,68,.395,60,171,.351,54,.794
John Butler,5.7,20,/players/b/butlejo01.html,31,588,182,100,23,13,36,69,166,25,.416,33,84,.393,11,.440
Jamal Cain,16.5,23,/players/c/cainja01.html,34,584,155,114,22,28,12,59,122,23,.484,26,55,.473,11,.478
Kentavious Caldwell-Pope,11.9,29,/players/c/caldwke01.html,32,1028,422,166,38,58,11,152,384,81,.396,65,214,.304,53,.654
Vernon Carey Jr.,12.5,21,/players/c/careyve01.html,31,772,552,272,30,22,49,199,345,218,.577,8,21,.381,146,.670
Jevon Carter,10.6,27,/players/c/carteje01.html,35,832,285,82,62,67,3,95,264,61,.360,48,153,.314,47,.770
Wendell Carter Jr.,16.8,23,/players/c/cartewe01.html,37,997,501,335,74,30,76,179,319,168,.561,19,46,.413,124,.738
Michael Carter-Williams,13.5,31,/players/c/cartemi01.html,26,269,70,38,54,20,7,25,58,23,.431,7,18,.389,13,.565
Alex Caruso,11.3,28,/players/c/carusal01.html,33,815,182,107,112,61,15,62,166,75,.373,13,49,.265,45,.600
Julian Champagnie,13.4,21,/players/c/champju02.html,32,819,318,208,24,39,26,121,267,69,.453,24,77,.312,52,.754
Justin Champagnie,13.2,21,/players/c/champju01.html,33,1085,419,232,22,36,28,153,363,103,.421,33,126,.262,80,.777
Kennedy Chandler,10.6,20,/players/c/chandke01.html,34,1048,473,110,161,74,8,182,392,99,.464,49,128,.383,60,.606
Max Christie,7.4,19,/players/c/chrisma02.html,35,1078,324,121,51,18,17,112,293,74,.382,39,123,.317,61,.824
Josh Christopher,11.9,21,/players/c/chrisjo01.html,15,446,214,71,21,22,8,76,176,55,.432,18,59,.305,44,.800
Brandon Clarke,20.4,26,/players/c/clarkbr01.html,31,728,274,174,46,22,38,109,172,98,.634,1,6,.167,55,.561
Jordan Clarkson,15.6,30,/players/c/clarkjo01.html,27,672,310,56,52,20,3,97,224,121,.433,20,66,.303,96,.793
Nic Claxton,19.4,23,/players/c/claxtni01.html,33,485,130,129,6,5,42,44,98,65,.449,8,22,.364,34,.523
Amir Coffey,11.0,25,/players/c/coffeam01.html,33,1097,404,127,102,35,5,131,292,146,.449,32,95,.337,110,.753
John Collins,19.1,25,/players/c/collijo01.html,31,446,227,122,7,9,23,81,148,94,.547,0,0,0,65,.691
Zach Collins,13.1,25,/players/c/colliza01.html,39,673,390,230,16,18,69,135,207,148,.652,10,21,.476,110,.743
Chance Comanche,12.2,26,/players/c/comanch01.html,23,139,43,36,5,1,7,16,33,16,.485,0,0,0,11,.688
Pat Connaughton,11.4,30,/players/c/connapa01.html,34,820,239,150,30,17,5,85,201,37,.423,41,120,.342,28,.757
Xavier Cooks,14.3,27,/players/c/cooksxa01.html,32,825,248,194,49,24,47,97,181,83,.536,3,16,.188,51,.614
Robert Covington,13.1,32,/players/c/covinro01.html,32,873,368,208,37,34,35,134,313,79,.428,37,96,.385,63,.797
Torrey Craig,11.2,32,/players/c/craigto01.html,30,916,431,216,44,29,11,155,408,78,.380,68,214,.318,53,.679
Jarrett Culver,9.3,23,/players/c/culveja01.html,37,978,415,177,67,41,27,145,319,108,.455,55,144,.382,70,.648
Cade Cunningham,13.2,21,/players/c/cunnica01.html,27,956,544,167,94,43,21,175,400,156,.438,62,155,.400,132,.846
Seth Curry,13.7,32,/players/c/curryse01.html,35,1277,707,153,79,48,9,243,583,143,.417,102,294,.347,119,.832
Terence Davis,13.4,25,/players/d/daviste02.html,20,132,36,18,6,7,2,13,30,19,.433,3,11,.273,7,.368
JD Davison,10.1,20,/players/d/davisjd01.html,33,852,282,157,143,32,12,99,214,81,.463,25,83,.301,59,.728
Darius Days,18.3,23,/players/d/daysda01.html,35,510,184,140,13,26,11,66,136,35,.485,26,68,.382,26,.743
Dewayne Dedmon,15.1,33,/players/d/dedmode01.html,20,465,152,109,6,14,19,65,118,41,.551,0,1,.000,22,.537
Matthew Dellavedova,9.7,32,/players/d/dellama01.html,34,1236,412,119,153,40,0,121,310,113,.390,74,186,.398,96,.850
Moussa Diabat√©,14.2,21,/players/d/diabamo01.html,32,796,289,191,26,11,28,117,216,84,.542,3,14,.214,52,.619
Mamadi Diakite,10.9,26,/players/d/diakima01.html,32,449,121,82,6,8,39,50,92,33,.543,3,11,.273,18,.545
Hamidou Diallo,13.6,24,/players/d/diallha01.html,37,918,371,135,46,28,13,134,313,125,.428,26,77,.338,77,.616
Spencer Dinwiddie,15.5,29,/players/d/dinwisp01.html,36,988,360,131,64,27,9,99,246,147,.402,42,96,.438,120,.816
Donte DiVincenzo,12.7,26,/players/d/divindo01.html,9,74,15,16,4,4,0,6,21,0,.286,3,17,.176,0,
Tyler Dorsey,10.7,26,/players/d/dorsety01.html,36,1083,484,155,71,29,7,153,347,156,.441,67,165,.406,111,.712
Luguentz Dort,10.8,23,/players/d/dortlu01.html,34,1072,547,145,79,52,7,174,430,207,.405,54,176,.307,145,.700
Ayo Dosunmu,10.7,23,/players/d/dosunay01.html,32,1000,442,128,104,41,8,163,375,95,.435,50,142,.352,66,.695
Devon Dotson,11.0,23,/players/d/dotsode01.html,36,1168,442,132,127,49,5,147,305,147,.482,33,91,.363,115,.782
Jeff Dowtin,9.0,25,/players/d/dowtije01.html,32,711,176,48,69,17,7,64,153,49,.418,20,57,.351,28,.571
PJ Dozier,10.3,26,/players/d/doziepj01.html,34,647,229,101,70,34,13,91,239,68,.381,10,47,.213,37,.544
Chris Duarte,10.9,25,/players/d/duartch01.html,28,844,361,157,46,47,15,126,304,78,.414,47,140,.336,62,.795
David Duke Jr.,9.4,23,/players/d/dukeda01.html,34,840,241,90,73,23,11,84,217,74,.387,22,74,.297,51,.689
Kris Dunn,12.4,28,/players/d/dunnkr01.html,25,680,142,120,79,29,7,49,123,58,.398,4,14,.286,40,.690
Jalen Duren,17.3,19,/players/d/durenja01.html,29,733,347,236,37,24,61,141,236,104,.597,0,1,.000,65,.625
Tari Eason,15.2,21,/players/e/easonta01.html,23,451,168,136,30,27,29,67,145,47,.462,7,29,.241,27,.574
Anthony Edwards,16.0,21,/players/e/edwaran01.html,32,1057,610,167,91,43,18,203,505,171,.402,72,245,.294,132,.772
Kessler Edwards,8.3,22,/players/e/edwarke02.html,34,978,333,185,33,39,34,120,274,62,.438,50,135,.370,43,.694
Keon Ellis,14.0,23,/players/e/elliske01.html,32,560,175,129,34,35,14,60,119,47,.504,21,54,.389,34,.723
Joel Embiid,27.9,28,/players/e/embiijo01.html,28,647,313,227,38,25,72,107,171,143,.626,1,5,.200,98,.685
Drew Eubanks,17.1,25,/players/e/eubandr01.html,32,685,242,146,13,14,39,101,174,63,.580,0,0,0,40,.635
Bruno Fernando,13.3,24,/players/f/fernabr01.html,30,671,308,196,21,11,37,118,204,96,.578,1,3,.333,71,.740
Dorian Finney-Smith,10.9,29,/players/f/finnedo01.html,33,957,209,232,62,24,23,69,208,77,.332,26,71,.366,45,.584
Malachi Flynn,10.4,24,/players/f/flynnma01.html,31,1027,302,91,91,21,1,104,263,49,.395,58,150,.387,36,.735
Bryn Forbes,11.0,29,/players/f/forbebr01.html,32,904,407,111,38,25,1,136,314,92,.433,61,157,.389,74,.804
Trent Forrest,10.0,24,/players/f/forretr01.html,35,538,171,94,55,43,5,61,129,71,.473,1,8,.125,48,.676
De'Aaron Fox,18.3,25,/players/f/foxde01.html,36,1064,601,143,165,53,7,214,447,212,.479,17,69,.246,156,.736
Markelle Fultz,14.8,24,/players/f/fultzma01.html,25,892,579,143,148,40,30,209,439,168,.476,52,126,.413,109,.649
Wenyen Gabriel,12.8,25,/players/g/gabriwe01.html,38,672,174,184,26,11,34,60,148,55,.405,20,63,.317,34,.618
Daniel Gafford,20.3,24,/players/g/gaffoda01.html,35,790,413,217,24,19,76,164,271,161,.605,0,0,0,85,.528
Darius Garland,15.7,23,/players/g/garlada01.html,5,139,81,19,13,4,2,29,54,16,.537,11,23,.478,12,.750
Luka Garza,18.4,24,/players/g/garzalu01.html,33,715,400,211,35,11,32,146,262,135,.557,16,46,.348,92,.681
Shai Gilgeous-Alexander,20.1,24,/players/g/gilgesh01.html,37,1248,532,153,189,61,18,183,377,175,.485,23,57,.404,143,.817
Anthony Gill,12.8,30,/players/g/gillan01.html,31,784,236,146,35,17,10,86,190,82,.453,11,28,.393,53,.646
Jacob Gilyard,7.3,24,/players/g/gilyaja01.html,32,1166,366,69,130,89,1,126,279,67,.452,58,151,.384,56,.836
Jordan Goodwin,14.6,24,/players/g/goodwjo01.html,26,868,300,195,103,52,16,108,290,94,.372,19,81,.235,65,.691
Aaron Gordon,15.7,27,/players/g/gordoaa01.html,38,1187,470,303,75,34,39,189,382,180,.495,16,45,.356,76,.422
Devonte' Graham,13.5,27,/players/g/grahade01.html,29,517,164,43,61,25,0,46,117,76,.393,17,40,.425,55,.724
Jerami Grant,14.0,28,/players/g/grantje01.html,40,572,155,118,18,17,18,54,117,73,.462,6,15,.400,41,.562
RaiQuan Gray,15.5,23,/players/g/grayra01.html,36,441,141,83,27,29,6,50,115,43,.435,10,32,.313,31,.721
A.J. Green,11.5,23,/players/g/greenaj01.html,34,1017,509,103,77,21,2,184,449,81,.410,71,204,.348,70,.864
JaMychal Green,13.8,32,/players/g/greenja01.html,32,795,328,242,24,30,51,126,234,107,.538,0,1,.000,76,.710
Javonte Green,13.7,29,/players/g/greenja02.html,32,705,326,214,18,44,16,126,270,110,.467,6,31,.194,68,.618
Josh Green,11.1,22,/players/g/greenjo02.html,30,926,359,137,78,46,13,122,288,109,.424,30,83,.361,85,.780
AJ Griffin,12.6,19,/players/g/griffaj01.html,39,935,405,153,38,20,22,146,296,53,.493,71,159,.447,42,.792
Quentin Grimes,11.5,22,/players/g/grimequ01.html,36,987,301,89,72,23,6,106,276,58,.384,54,159,.340,35,.603
Rui Hachimura,13.0,24,/players/h/hachiru01.html,28,130,73,38,2,6,4,28,53,24,.528,4,14,.286,13,.542
Tyrese Haliburton,19.2,22,/players/h/halibty01.html,35,1163,239,120,125,54,30,86,167,26,.515,49,113,.434,18,.692
Jordan Hall,5.5,21,/players/h/halljo02.html,20,637,211,117,113,25,1,70,184,50,.380,33,94,.351,38,.760
Tim Hardaway Jr.,13.6,30,/players/h/hardati02.html,35,1074,485,133,59,34,5,159,379,119,.420,76,207,.367,91,.765
Ron Harper Jr.,15.7,22,/players/h/harpero02.html,31,690,242,97,35,18,16,88,213,53,.413,30,108,.278,36,.679
Montrezl Harrell,22.3,29,/players/h/harremo01.html,40,649,226,145,8,20,27,97,168,63,.577,0,0,0,32,.508
Gary Harris,12.3,28,/players/h/harriga01.html,34,1010,439,86,46,45,6,150,329,98,.456,65,158,.411,74,.755
Joe Harris,12.3,31,/players/h/harrijo01.html,31,910,323,135,39,27,11,107,256,58,.418,65,156,.417,44,.759
Kevon Harris,9.2,25,/players/h/harrike01.html,33,734,279,118,34,22,16,85,189,125,.450,21,63,.333,88,.704
Shaquille Harrison,13.3,29,/players/h/harrish01.html,33,889,226,124,94,56,14,72,193,122,.373,4,27,.148,78,.639
Josh Hart,12.8,27,/players/h/hartjo01.html,34,728,265,151,30,19,9,87,174,96,.500,26,83,.313,65,.677
Sam Hauser,12.9,25,/players/h/hausesa01.html,32,847,281,159,42,25,19,97,205,29,.473,63,139,.453,24,.828
Jaxson Hayes,17.7,22,/players/h/hayesja02.html,32,747,320,160,9,19,71,123,169,100,.728,0,0,0,74,.740
Tyler Herro,14.6,23,/players/h/herroty01.html,37,1207,519,166,91,40,12,186,403,93,.462,60,169,.355,87,.935
Buddy Hield,14.7,30,/players/h/hieldbu01.html,27,679,211,113,50,33,7,81,209,36,.388,19,80,.238,30,.833
Malcolm Hill,12.8,27,/players/h/hillma01.html,35,495,154,85,23,10,4,46,120,61,.383,15,44,.341,47,.770
Aaron Holiday,11.0,26,/players/h/holidaa01.html,32,1013,331,96,127,45,8,114,289,88,.394,39,93,.419,64,.727
Richaun Holmes,18.7,29,/players/h/holmeri01.html,32,602,207,159,7,17,73,88,139,50,.633,0,2,.000,31,.620
Talen Horton-Tucker,12.5,22,/players/h/hortota01.html,35,952,414,170,82,45,23,155,382,88,.406,49,159,.308,55,.625
Danuel House Jr.,10.8,29,/players/h/houseda01.html,33,944,409,163,61,31,8,127,291,174,.436,30,95,.316,125,.718
Caleb Houstan,6.2,20,/players/h/houstca01.html,34,1088,343,135,46,25,8,109,284,83,.384,60,169,.355,65,.783
Kevin Huerter,12.2,24,/players/h/huertke01.html,33,971,307,163,88,32,23,111,264,28,.420,65,175,.371,20,.714
Jay Huff,18.6,24,/players/h/huffja01.html,12,106,41,23,4,1,14,17,25,8,.680,2,7,.286,5,.625
De'Andre Hunter,10.8,25,/players/h/huntede01.html,33,657,303,117,36,19,13,104,213,98,.488,21,55,.382,74,.755
Bones Hyland,14.6,22,/players/h/hylanbo01.html,31,638,279,68,57,26,10,100,231,24,.433,63,145,.434,16,.667
Brandon Ingram,15.8,25,/players/i/ingrabr01.html,36,1246,624,244,72,41,49,214,484,170,.442,80,195,.410,116,.682
Jonathan Isaac,13.9,25,/players/i/isaacjo01.html,32,839,383,251,37,37,49,130,256,118,.508,31,89,.348,92,.780
Jaden Ivey,12.1,20,/players/i/iveyja01.html,23,557,256,76,43,17,16,89,223,73,.399,25,97,.258,53,.726
Frank Jackson,10.4,24,/players/j/jacksfr01.html,36,895,394,90,61,20,2,133,281,102,.473,51,129,.395,77,.755
Isaiah Jackson,18.5,21,/players/j/jacksis01.html,25,519,211,165,18,19,65,74,137,90,.540,0,2,.000,63,.700
Jaren Jackson Jr.,17.9,23,/players/j/jacksja02.html,35,764,382,203,39,21,106,119,232,133,.513,38,96,.396,106,.797
Justin Jackson,10.0,27,/players/j/jacksju01.html,38,1014,408,139,88,20,19,157,329,93,.477,28,92,.304,66,.710
Quenton Jackson,12.2,24,/players/j/jacksqu01.html,29,684,256,85,45,36,6,71,194,125,.366,19,78,.244,95,.760
Ty Jerome,11.9,25,/players/j/jeromty01.html,34,473,147,55,50,15,2,52,110,18,.473,29,73,.397,14,.778
Isaiah Joe,11.9,23,/players/j/joeis01.html,34,1024,471,94,58,51,5,148,358,82,.413,113,273,.414,62,.756
Cameron Johnson,14.2,26,/players/j/johnsca02.html,8,115,36,9,4,1,3,13,33,4,.394,8,23,.348,2,.500
Jalen Johnson,13.8,21,/players/j/johnsja05.html,13,278,146,79,29,15,16,57,109,38,.523,8,18,.444,24,.632
Keldon Johnson,15.0,23,/players/j/johnske04.html,37,1137,498,217,60,28,6,172,373,155,.461,45,118,.381,109,.703
Keon Johnson,8.8,20,/players/j/johnske07.html,27,688,306,95,67,30,12,111,247,101,.449,13,48,.271,71,.703
Stanley Johnson,9.2,26,/players/j/johnsst04.html,38,1081,523,247,63,57,15,174,390,178,.446,43,116,.371,132,.742
Carlik Jones,7.4,25,/players/j/jonesca03.html,36,1094,423,142,113,40,8,144,349,129,.413,36,118,.305,99,.767
Damian Jones,15.3,27,/players/j/jonesda03.html,31,798,349,176,7,9,43,138,254,134,.543,0,0,0,73,.545
Derrick Jones Jr.,13.3,25,/players/j/jonesde02.html,30,646,345,134,24,27,40,129,219,133,.589,8,39,.205,79,.594
Herbert Jones,12.2,24,/players/j/joneshe01.html,35,741,147,122,48,44,22,58,142,48,.408,7,26,.269,24,.500
Kai Jones,10.6,22,/players/j/joneska01.html,27,450,97,87,10,14,30,38,76,22,.500,7,24,.292,14,.636
Tre Jones,15.3,23,/players/j/jonestr01.html,36,1230,338,135,192,68,6,132,319,62,.414,27,103,.262,47,.758
Tyus Jones,14.9,26,/players/j/jonesty01.html,39,1322,461,137,217,59,3,135,324,162,.417,47,124,.379,144,.889
Johnny Juzang,6.5,21,/players/j/juzanjo01.html,28,344,82,54,9,5,2,29,77,12,.377,14,43,.326,10,.833
Mfiondu Kabengele,10.9,25,/players/k/kabenmf01.html,34,503,245,158,10,15,29,85,173,99,.491,10,26,.385,65,.657
Frank Kaminsky,14.2,29,/players/k/kaminfr01.html,35,271,63,50,10,4,13,23,56,14,.411,10,35,.286,7,.500
Trevor Keels,3.7,19,/players/k/keelstr01.html,36,1087,413,124,98,44,2,147,351,97,.419,54,173,.312,65,.670
Luke Kennard,12.8,26,/players/k/kennalu01.html,36,961,425,129,55,34,6,141,335,99,.421,55,172,.320,88,.889
Walker Kessler,21.5,21,/players/k/kesslwa01.html,29,254,127,94,9,15,25,52,90,41,.578,1,4,.250,22,.537
Braxton Key,13.9,25,/players/k/keybr01.html,34,1012,407,193,86,21,21,139,321,153,.433,32,97,.330,97,.634
Louis King,13.0,23,/players/k/kinglo02.html,31,943,417,171,40,27,7,148,340,79,.435,59,153,.386,62,.785
Corey Kispert,11.2,23,/players/k/kispeco01.html,35,680,236,111,26,10,6,86,187,36,.460,40,114,.351,24,.667
Nathan Knight,15.6,25,/players/k/knighna01.html,31,534,254,135,33,12,41,96,166,101,.578,2,12,.167,60,.594
Kevin Knox,9.2,23,/players/k/knoxke01.html,37,1198,576,200,53,31,10,196,440,164,.445,57,167,.341,127,.774
Christian Koloko,11.4,22,/players/k/kolokch01.html,28,233,63,67,5,9,25,28,58,20,.483,0,1,.000,7,.350
John Konchar,13.0,26,/players/k/konchjo01.html,34,1211,441,312,92,71,9,163,279,119,.584,29,66,.439,86,.723
Luke Kornet,14.7,27,/players/k/kornelu01.html,30,461,119,68,23,9,17,45,131,15,.344,21,89,.236,8,.533
Kyle Kuzma,13.9,27,/players/k/kuzmaky01.html,31,252,103,55,19,1,5,36,79,36,.456,11,34,.324,20,.556
Anthony Lamb,10.3,25,/players/l/lamban01.html,35,787,447,192,24,27,43,171,334,106,.512,26,63,.413,79,.745
Jock Landale,16.3,27,/players/l/landajo01.html,21,105,45,19,2,0,5,19,31,13,.613,0,0,0,7,.538
Romeo Langford,8.5,23,/players/l/langfro01.html,32,1090,528,172,75,25,26,177,395,194,.448,34,125,.272,140,.722
Jake LaRavia,6.7,21,/players/l/laravja01.html,30,739,283,176,47,16,35,111,210,80,.529,11,27,.407,50,.625
Zach LaVine,17.4,27,/players/l/lavinza01.html,37,904,349,94,66,33,6,127,288,68,.441,48,128,.375,47,.691
A.J. Lawson,13.9,22,/players/l/lawsoaj01.html,29,868,388,125,83,32,7,130,316,120,.411,48,134,.358,80,.667
Damion Lee,11.6,30,/players/l/leeda03.html,36,1042,432,157,62,30,12,142,313,110,.454,63,168,.375,85,.773
Saben Lee,13.7,23,/players/l/leesa01.html,32,857,338,95,99,39,5,115,249,117,.462,23,75,.307,85,.726
Alex Len,15.2,29,/players/l/lenal01.html,22,466,131,119,13,4,47,52,94,46,.553,0,1,.000,27,.587
Caris LeVert,14.5,28,/players/l/leverca01.html,33,354,76,36,25,6,2,28,89,14,.315,13,43,.302,7,.500
Kira Lewis Jr.,10.8,21,/players/l/lewiski01.html,34,1075,458,87,98,28,10,157,363,115,.433,54,151,.358,90,.783
Nassir Little,11.5,22,/players/l/littlna01.html,36,656,353,166,24,19,19,131,274,100,.478,14,52,.269,77,.770
Isaiah Livers,9.0,24,/players/l/liveris01.html,40,604,137,93,16,12,11,54,114,12,.474,21,58,.362,8,.667
Kenneth Lofton Jr.,20.2,20,/players/l/loftoke01.html,32,729,389,241,47,33,23,148,261,156,.567,0,0,0,93,.596
Kevon Looney,15.5,26,/players/l/looneke01.html,36,1113,416,331,51,46,32,151,321,147,.470,22,53,.415,92,.626
Trey Lyles,13.7,27,/players/l/lylestr01.html,36,828,313,188,38,19,16,117,240,102,.488,4,29,.138,75,.735
Sandro Mamukelashvili,13.9,23,/players/m/mamuksa01.html,34,325,87,63,16,8,16,32,68,25,.471,8,27,.296,15,.600
Terance Mann,13.3,26,/players/m/mannte01.html,34,577,177,126,30,21,7,73,125,59,.584,4,13,.308,27,.458
Tre Mann,10.1,21,/players/m/manntr01.html,29,516,155,55,20,17,2,57,160,29,.356,22,80,.275,19,.655
Lauri Markkanen,16.8,25,/players/m/markkla01.html,37,1140,576,266,32,15,19,185,376,164,.492,69,163,.423,137,.835
Naji Marshall,11.6,25,/players/m/marshna01.html,35,764,271,154,57,23,10,96,181,85,.530,15,43,.349,64,.753
Caleb Martin,12.1,27,/players/m/martica02.html,36,598,172,103,26,11,12,53,149,59,.356,25,82,.305,41,.695
Cody Martin,11.5,27,/players/m/martico01.html,19,216,65,38,23,9,6,28,59,17,.475,0,7,.000,9,.529
Tyrese Martin,7.7,23,/players/m/martity01.html,33,892,266,172,33,27,9,99,237,54,.418,33,106,.311,35,.648
Garrison Mathews,10.5,26,/players/m/mathega01.html,33,687,361,111,51,28,8,118,293,82,.403,65,186,.349,60,.732
Bennedict Mathurin,13.1,20,/players/m/mathube01.html,26,650,280,124,30,18,2,88,187,78,.471,38,91,.418,66,.846
Tyrese Maxey,16.2,22,/players/m/maxeyty01.html,31,1069,433,133,99,27,12,150,351,120,.427,33,113,.292,100,.833
Skylar Mays,15.9,25,/players/m/mayssk01.html,31,711,256,69,113,40,2,83,202,85,.411,21,64,.328,69,.812
Miles McBride,7.6,22,/players/m/mcbrimi01.html,31,688,296,73,56,35,15,102,254,91,.402,24,79,.304,68,.747
Mac McClung,14.0,24,/players/m/mccluma01.html,29,767,380,76,58,24,4,127,324,109,.392,39,141,.277,87,.798
CJ McCollum,17.4,31,/players/m/mccolcj01.html,33,1052,631,165,79,43,7,203,442,189,.459,72,171,.421,153,.810
T.J. McConnell,14.8,30,/players/m/mccontj01.html,32,979,344,121,140,91,5,132,265,60,.498,39,97,.402,41,.683
Jaden McDaniels,10.7,22,/players/m/mcdanja02.html,31,963,402,180,65,24,43,136,336,114,.405,43,127,.339,87,.763
Jalen McDaniels,11.8,25,/players/m/mcdanja01.html,33,815,345,248,29,27,19,126,215,113,.586,4,19,.211,89,.788
Doug McDermott,11.9,31,/players/m/mcderdo01.html,39,1133,581,280,45,11,4,220,419,126,.525,47,116,.405,94,.746
Bryce McGowens,7.2,20,/players/m/mcgowbr01.html,31,1032,522,161,43,22,10,160,397,195,.403,40,146,.274,162,.831
Rodney McGruder,9.6,31,/players/m/mcgruro01.html,33,406,128,91,17,10,10,46,93,25,.495,18,43,.419,18,.720
Jordan McLaughlin,13.2,26,/players/m/mclaujo01.html,22,696,266,66,100,33,5,89,253,92,.352,28,103,.272,60,.652
De'Anthony Melton,13.4,24,/players/m/meltode01.html,36,972,300,170,125,69,37,101,231,109,.437,21,74,.284,77,.706
Sam Merrill,11.8,26,/players/m/merrisa01.html,30,802,282,94,98,29,5,100,222,41,.450,46,102,.451,36,.878
Chimezie Metu,14.5,25,/players/m/metuch01.html,34,628,217,123,18,19,54,88,170,80,.518,0,1,.000,41,.513
Shake Milton,13.1,26,/players/m/miltosh01.html,30,980,315,89,82,24,8,113,237,51,.477,52,122,.426,37,.725
Justin Minaya,4.0,23,/players/m/minayju01.html,32,860,254,134,47,20,8,90,231,51,.390,39,107,.364,35,.686
Josh Minott,17.9,20,/players/m/minotjo01.html,33,483,217,124,31,27,22,83,159,65,.522,2,14,.143,49,.754
Davion Mitchell,10.2,24,/players/m/mitchda01.html,34,582,126,39,63,18,1,45,105,31,.429,15,52,.288,21,.677
Donovan Mitchell,19.6,26,/players/m/mitchdo01.html,31,591,229,104,52,25,3,84,190,57,.442,18,72,.250,43,.754
Evan Mobley,17.1,21,/players/m/mobleev01.html,33,1120,540,286,79,26,95,197,341,193,.578,12,40,.300,134,.694
Isaiah Mobley,14.1,23,/players/m/mobleis01.html,31,630,191,164,30,20,20,73,154,71,.474,8,28,.286,37,.521
Chima Moneke,-3.5,27,/players/m/monekch01.html,36,981,526,341,29,32,51,192,364,220,.527,0,0,0,142,.645
Malik Monk,13.7,24,/players/m/monkma01.html,38,1218,754,95,87,36,19,251,558,180,.450,104,262,.397,148,.822
Moses Moody,10.4,20,/players/m/moodymo01.html,32,1082,539,184,51,33,21,165,386,186,.427,58,162,.358,151,.812
Xavier Moon,15.1,28,/players/m/moonxa01.html,37,897,376,95,68,35,4,135,284,78,.475,47,114,.412,59,.756
Wendell Moore Jr.,9.3,21,/players/m/moorewe01.html,25,600,186,106,47,22,6,64,154,67,.416,4,19,.211,54,.806
Ja Morant,20.3,23,/players/m/moranja01.html,32,1088,405,208,201,30,13,133,290,139,.459,27,88,.307,112,.806
Monte Morris,15.1,27,/players/m/morrimo01.html,36,1013,243,92,134,46,7,77,179,72,.430,28,69,.406,61,.847
Trey Murphy III,14.5,22,/players/m/murphtr02.html,32,660,269,82,22,15,16,84,190,51,.442,64,152,.421,37,.725
Dejounte Murray,17.4,26,/players/m/murrade01.html,34,1139,548,203,151,62,10,202,486,166,.416,34,118,.288,110,.663
Jamal Murray,16.4,25,/players/m/murraja01.html,36,1267,720,186,79,35,11,244,538,152,.454,113,277,.408,119,.783
Keegan Murray,12.3,22,/players/m/murrake02.html,31,558,224,158,17,26,39,84,166,53,.506,16,54,.296,40,.755
Mike Muscala,14.0,31,/players/m/muscami01.html,30,745,296,148,23,9,65,116,251,72,.462,6,20,.300,58,.806
Svi Mykhailiuk,10.4,25,/players/m/mykhasv01.html,26,291,72,31,17,8,1,26,85,6,.306,15,52,.288,5,.833
Larry Nance Jr.,16.4,30,/players/n/nancela02.html,33,590,136,131,13,25,19,49,106,43,.462,3,9,.333,35,.814
Andrew Nembhard,10.0,23,/players/n/nembhan01.html,36,1184,289,103,194,44,2,106,256,55,.414,35,101,.347,42,.764
Aaron Nesmith,9.6,23,/players/n/nesmiaa01.html,32,928,353,177,45,23,18,114,291,80,.392,59,175,.337,66,.825
Georges Niang,11.0,29,/players/n/niangge01.html,35,878,422,160,64,23,8,157,305,100,.515,38,97,.392,70,.700
Zeke Nnaji,12.6,22,/players/n/nnajize01.html,32,981,515,276,27,23,28,179,314,200,.570,5,17,.294,152,.760
Nerlens Noel,16.5,28,/players/n/noelne01.html,24,765,251,227,38,50,106,98,166,104,.590,0,0,0,55,.529
Jaylen Nowell,14.2,23,/players/n/nowelja01.html,34,1106,545,135,92,36,9,203,450,125,.451,39,111,.351,100,.800
Kendrick Nunn,13.0,27,/players/n/nunnke01.html,35,682,218,58,39,21,5,83,182,26,.456,31,80,.388,21,.808
Jordan Nwora,11.6,24,/players/n/nworajo01.html,28,336,159,62,11,17,3,52,112,39,.464,25,57,.439,30,.769
Royce O'Neale,9.7,29,/players/o/onealro01.html,31,836,308,181,66,43,13,98,192,96,.510,29,75,.387,83,.865
Chuma Okeke,11.5,24,/players/o/okekech01.html,34,734,255,197,38,23,25,92,201,55,.458,34,87,.391,37,.673
Josh Okogie,10.6,24,/players/o/okogijo01.html,37,1141,596,201,61,48,27,194,428,241,.453,28,73,.384,180,.747
Onyeka Okongwu,19.1,22,/players/o/okongon01.html,28,858,454,242,30,34,76,175,284,143,.616,1,4,.250,103,.720
Isaac Okoro,9.5,22,/players/o/okorois01.html,28,881,360,124,57,26,25,125,243,134,.514,20,70,.286,90,.672
KZ Okpala,7.0,23,/players/o/okpalkz01.html,23,655,231,86,41,23,13,75,191,109,.393,7,31,.226,74,.679
Victor Oladipo,16.0,30,/players/o/oladivi01.html,32,576,236,119,28,34,7,88,161,85,.547,8,26,.308,52,.612
Kelly Olynyk,15.6,31,/players/o/olynyke01.html,34,419,130,93,26,18,5,49,98,47,.500,4,18,.222,28,.596
Eugene Omoruyi,11.1,25,/players/o/omorueu01.html,33,395,78,73,34,15,9,29,83,32,.349,0,11,.000,20,.625
Kelly Oubre Jr.,13.2,27,/players/o/oubreke01.html,36,756,333,179,28,41,13,110,248,110,.444,34,95,.358,79,.718
Cameron Payne,13.4,28,/players/p/payneca01.html,34,1111,572,123,185,57,20,190,470,155,.404,72,211,.341,120,.774
Gary Payton II,15.0,30,/players/p/paytoga02.html,31,1125,416,231,98,95,37,162,334,98,.485,27,92,.293,65,.663
Theo Pinson,7.7,27,/players/p/pinsoth01.html,24,300,68,72,37,14,5,25,68,18,.368,7,26,.269,11,.611
Scotty Pippen Jr.,9.6,22,/players/p/pippesc02.html,32,952,384,88,114,35,4,108,275,189,.393,34,94,.362,134,.709
Mason Plumlee,17.8,32,/players/p/plumlma01.html,34,480,125,105,30,18,30,49,106,46,.462,2,8,.250,25,.543
Jakob Poeltl,18.9,27,/players/p/poeltja01.html,34,792,311,230,23,12,63,128,188,124,.681,0,1,.000,55,.444
Jordan Poole,13.8,23,/players/p/poolejo01.html,38,476,233,53,22,20,6,75,175,52,.429,40,108,.370,43,.827
Kevin Porter Jr.,13.8,22,/players/p/porteke02.html,21,464,200,84,30,17,11,74,157,46,.471,28,68,.412,24,.522
Michael Porter Jr.,18.3,24,/players/p/portemi01.html,3,53,30,20,1,3,1,10,30,9,.333,3,10,.300,7,.778
Otto Porter Jr.,15.6,29,/players/p/porteot01.html,33,980,321,225,51,37,27,125,238,84,.525,12,53,.226,59,.702
Bobby Portis,17.1,27,/players/p/portibo01.html,34,918,418,230,50,35,54,161,316,118,.509,9,33,.273,87,.737
Micah Potter,16.8,24,/players/p/pottemi01.html,30,422,124,92,8,8,11,43,99,35,.434,17,51,.333,21,.600
Dwight Powell,17.6,31,/players/p/poweldw01.html,31,756,252,160,30,24,28,88,187,101,.471,7,25,.280,69,.683
Norman Powell,14.9,29,/players/p/powelno01.html,33,586,151,74,39,16,9,58,154,15,.377,26,75,.347,9,.600
Jason Preston,10.3,23,/players/p/prestja01.html,30,886,180,107,103,25,3,72,166,34,.434,10,48,.208,26,.765
Joshua Primo,7.1,20,/players/p/primojo01.html,30,674,244,101,25,17,9,84,195,44,.431,43,113,.381,33,.750
Taurean Prince,11.3,28,/players/p/princta02.html,24,154,88,52,3,9,2,35,60,22,.583,2,6,.333,16,.727
Payton Pritchard,12.8,25,/players/p/pritcpa01.html,39,1105,288,131,141,45,3,96,244,63,.393,50,143,.350,46,.730
Trevelin Queen,12.3,25,/players/q/queentr01.html,25,381,194,72,42,25,19,75,158,26,.475,28,80,.350,16,.615
Neemias Queta,13.6,23,/players/q/quetane01.html,35,947,414,311,57,23,84,167,272,138,.614,2,5,.400,78,.565
Immanuel Quickley,15.6,23,/players/q/quickim01.html,37,683,193,65,44,16,1,55,148,64,.372,30,87,.345,53,.828
Lester Quinones,8.6,22,/players/q/quinole01.html,26,766,278,99,57,20,3,78,194,107,.402,36,115,.313,86,.804
Julius Randle,18.1,28,/players/r/randlju01.html,40,1233,599,416,57,20,31,196,391,289,.501,3,18,.167,204,.706
Austin Reaves,13.5,24,/players/r/reaveau01.html,33,390,134,59,37,12,10,39,87,37,.448,28,55,.509,28,.757
Cam Reddish,10.3,23,/players/r/reddica01.html,36,1069,485,133,70,56,21,154,432,114,.356,89,267,.333,88,.772
Davon Reed,9.1,27,/players/r/reedda01.html,33,683,217,55,38,16,4,71,207,52,.343,40,112,.357,35,.673
Paul Reed,20.0,23,/players/r/reedpa01.html,28,276,100,86,10,15,13,43,83,19,.518,3,14,.214,11,.579
Naz Reid,17.7,23,/players/r/reidna01.html,34,926,463,245,29,25,23,171,365,128,.468,28,84,.333,93,.727
Jared Rhoden,6.5,23,/players/r/rhodeja01.html,34,436,114,89,12,18,9,39,114,37,.342,15,61,.246,21,.568
Nick Richards,17.3,25,/players/r/richani01.html,37,543,189,163,9,3,33,69,112,71,.616,0,0,0,51,.718
Josh Richardson,12.5,29,/players/r/richajo01.html,34,543,97,47,24,18,19,36,102,25,.353,9,38,.237,16,.640
Duncan Robinson,11.1,28,/players/r/robindu01.html,36,1040,402,126,65,23,8,134,293,44,.457,95,211,.450,39,.886
Orlando Robinson,13.4,22,/players/r/robinor01.html,30,818,365,198,47,25,29,127,258,139,.492,13,52,.250,98,.705
Jeremiah Robinson-Earl,12.2,22,/players/r/robinje02.html,31,1013,326,290,60,35,17,113,249,97,.454,21,64,.328,79,.814
Isaiah Roby,13.5,24,/players/r/robyis01.html,30,457,94,88,22,16,25,37,94,21,.394,4,20,.200,16,.762
David Roddy,8.8,21,/players/r/roddyda01.html,32,820,365,178,57,20,24,131,282,119,.465,15,77,.195,88,.739
Ryan Rollins,-1.4,20,/players/r/rolliry01.html,30,907,410,156,76,33,4,146,339,98,.431,41,127,.323,77,.786
Derrick Rose,18.1,34,/players/r/rosede01.html,40,1168,597,181,189,48,15,208,436,205,.477,35,104,.337,146,.712
Terry Rozier,14.9,28,/players/r/roziete01.html,37,699,259,114,67,38,2,93,232,52,.401,36,97,.371,37,.712
D'Angelo Russell,16.5,26,/players/r/russeda01.html,35,1188,675,198,175,55,11,231,515,156,.449,95,231,.411,118,.756
Matt Ryan,8.0,25,/players/r/ryanma01.html,36,521,185,60,18,9,3,60,144,24,.417,46,123,.374,19,.792
Domantas Sabonis,19.6,26,/players/s/sabondo01.html,38,822,369,268,33,17,12,145,217,119,.668,0,0,0,79,.664
Olivier Sarr,13.5,23,/players/s/sarrol01.html,30,453,97,89,11,10,21,32,92,45,.348,6,24,.250,27,.600
Jordan Schakel,3.0,24,/players/s/schakjo01.html,33,455,106,68,19,12,3,33,100,19,.330,27,78,.346,13,.684
Admiral Schofield,8.0,25,/players/s/schofad01.html,32,598,244,129,29,12,10,92,207,39,.444,25,83,.301,35,.897
Dereon Seabron,4.6,22,/players/s/seabrde01.html,24,408,124,83,19,16,7,50,103,33,.485,5,20,.250,19,.576
Collin Sexton,15.2,24,/players/s/sextoco01.html,33,987,632,124,119,28,3,196,438,252,.447,44,131,.336,196,.778
Landry Shamet,10.1,25,/players/s/shamela01.html,3,53,26,8,5,5,1,7,16,12,.438,3,10,.300,9,.750
Day'Ron Sharpe,19.0,21,/players/s/sharpda01.html,29,556,275,219,42,23,26,112,216,101,.519,0,2,.000,51,.505
Pascal Siakam,18.1,28,/players/s/siakapa01.html,34,1048,436,262,45,28,61,166,290,137,.572,0,2,.000,104,.759
Chris Silva,15.2,26,/players/s/silvach01.html,32,425,173,143,6,14,28,53,110,110,.482,0,0,0,67,.609
Ben Simmons,19.1,26,/players/s/simmobe01.html,33,1151,632,388,158,65,27,216,386,297,.560,1,3,.333,199,.670
Kobi Simmons,7.7,25,/players/s/simmoko01.html,37,871,323,60,73,24,3,111,281,89,.395,32,98,.327,69,.775
Jericho Sims,12.9,24,/players/s/simsje01.html,34,628,171,133,7,11,18,71,117,68,.607,0,1,.000,29,.426
Marcus Smart,12.4,28,/players/s/smartma01.html,33,1106,507,192,139,99,22,151,374,215,.404,38,131,.290,167,.777
Dennis Smith Jr.,12.1,25,/players/s/smithde03.html,32,1114,580,146,197,62,14,191,420,200,.455,55,153,.359,143,.715
Dru Smith,11.4,25,/players/s/smithdr01.html,28,630,149,74,81,23,12,53,119,33,.445,16,49,.327,27,.818
Jabari Smith Jr.,11.2,19,/players/s/smithja05.html,34,978,576,252,68,37,35,183,427,164,.429,79,188,.420,131,.799
Jalen Smith,16.4,22,/players/s/smithja04.html,33,880,386,225,29,14,40,145,295,117,.492,19,71,.268,77,.658
Xavier Sneed,5.4,25,/players/s/sneedxa01.html,35,639,247,90,22,33,7,78,182,73,.429,38,112,.339,53,.726
Jeremy Sochan,11.4,19,/players/s/sochaje01.html,30,754,277,191,53,38,21,100,211,90,.474,24,81,.296,53,.589
Jaden Springer,17.8,20,/players/s/sprinja01.html,25,648,313,88,73,30,11,106,227,100,.467,20,46,.435,81,.810
Lamar Stevens,10.4,25,/players/s/stevela01.html,33,918,419,183,55,27,21,148,345,146,.429,11,32,.344,112,.767
Isaiah Stewart,14.5,21,/players/s/stewais01.html,32,1031,543,281,27,17,66,192,337,199,.570,5,20,.250,154,.774
Max Strus,11.6,26,/players/s/strusma01.html,31,1104,521,175,85,40,16,171,419,122,.408,81,243,.333,98,.803
Jalen Suggs,10.5,21,/players/s/suggsja01.html,30,868,431,160,136,57,10,155,308,114,.503,35,104,.337,86,.754
Edmond Sumner,12.1,27,/players/s/sumneed01.html,6,43,8,5,6,2,0,2,10,6,.200,0,3,.000,4,.667
Cole Swider,7.4,23,/players/s/swideco01.html,21,201,73,26,12,3,1,24,64,19,.375,13,46,.283,12,.632
Jae'Sean Tate,13.8,27,/players/t/tateja01.html,35,771,308,175,12,31,21,126,214,102,.589,3,19,.158,53,.520
Jayson Tatum,19.7,24,/players/t/tatumja01.html,29,966,488,213,62,39,33,165,365,139,.452,40,117,.342,118,.849
Terry Taylor,16.8,23,/players/t/taylote01.html,34,1070,530,291,25,20,34,196,362,137,.541,38,88,.432,100,.730
Dalen Terry,14.1,20,/players/t/terryda01.html,26,539,119,83,38,19,10,39,94,44,.415,14,43,.326,27,.614
Cam Thomas,13.1,21,/players/t/thomaca02.html,29,986,668,98,42,25,6,203,500,220,.406,68,209,.325,194,.882
JT Thor,7.6,20,/players/t/thorjt01.html,27,622,253,136,23,22,37,84,191,85,.440,22,74,.297,63,.741
Matisse Thybulle,10.5,25,/players/t/thybuma01.html,34,819,211,109,55,39,32,71,179,49,.397,34,93,.366,35,.714
Xavier Tillman Sr.,15.8,24,/players/t/tillmxa01.html,35,305,99,92,10,9,23,39,60,32,.650,0,0,0,21,.656
Obi Toppin,15.4,24,/players/t/toppiob01.html,33,873,475,186,61,21,28,201,302,87,.666,11,21,.524,62,.713
Juan Toscano-Anderson,10.6,29,/players/t/toscaju01.html,24,109,16,20,4,4,1,5,13,9,.385,0,0,0,6,.667
Karl-Anthony Towns,24.4,27,/players/t/townska01.html,39,822,401,261,44,18,88,145,256,134,.566,2,8,.250,109,.813
Gary Trent Jr.,13.7,24,/players/t/trentga02.html,37,1253,536,157,52,43,5,177,427,97,.415,97,241,.402,85,.876
Myles Turner,17.2,26,/players/t/turnemy01.html,34,755,345,222,20,10,89,117,257,112,.455,17,62,.274,94,.839
Stanley Umude,65.6,23,/players/u/umudest01.html,37,1028,440,171,41,37,30,162,352,87,.460,53,143,.371,63,.724
Jarred Vanderbilt,15.3,23,/players/v/vandeja01.html,14,238,82,110,14,6,11,29,68,38,.426,0,1,.000,24,.632
Fred VanVleet,16.2,28,/players/v/vanvlfr01.html,39,630,167,72,89,35,2,59,153,40,.386,20,49,.408,29,.725
Devin Vassell,13.2,22,/players/v/vassede01.html,33,353,149,51,21,18,10,52,119,28,.437,26,62,.419,19,.679
Gabe Vincent,9.2,26,/players/v/vincega01.html,28,733,284,60,60,24,4,97,229,50,.424,57,137,.416,33,.660
Noah Vonleh,11.8,27,/players/v/vonleno01.html,30,794,338,269,18,26,41,113,216,134,.523,16,33,.485,96,.716
Dean Wade,10.2,26,/players/w/wadede01.html,33,871,328,168,37,20,17,111,256,122,.434,26,89,.292,80,.656
Franz Wagner,15.3,21,/players/w/wagnefr01.html,27,831,312,151,27,34,16,113,250,54,.452,41,132,.311,45,.833
Moritz Wagner,15.4,25,/players/w/wagnemo01.html,30,258,86,48,4,6,6,37,61,18,.607,2,12,.167,10,.556
Ish Wainright,9.3,28,/players/w/wainris01.html,32,291,61,47,34,9,1,21,48,32,.438,3,10,.300,16,.500
Jabari Walker,9.6,20,/players/w/walkeja01.html,26,369,198,113,13,12,12,70,133,45,.526,23,44,.523,35,.778
Lonnie Walker IV,11.2,24,/players/w/walkelo01.html,32,888,368,83,61,30,15,132,318,65,.415,56,162,.346,48,.738
T.J. Warren,16.4,29,/players/w/warretj01.html,35,944,425,146,28,42,15,186,299,72,.622,14,27,.519,39,.542
Duane Washington Jr.,10.0,22,/players/w/washidu02.html,35,600,245,87,37,10,0,91,246,34,.370,41,134,.306,22,.647
P.J. Washington,13.1,24,/players/w/washipj01.html,37,1012,401,211,57,28,31,135,260,208,.519,5,21,.238,126,.606
TyTy Washington Jr.,7.5,21,/players/w/washity02.html,31,905,388,107,120,40,6,152,337,64,.451,36,103,.350,48,.750
Yuta Watanabe,11.3,28,/players/w/watanyu01.html,35,787,260,124,22,15,21,86,224,59,.384,39,112,.348,49,.831
Lindy Waters III,12.4,25,/players/w/waterli01.html,23,367,131,42,19,14,1,46,93,28,.495,19,43,.442,20,.714
Trendon Watford,14.5,22,/players/w/watfotr01.html,31,979,421,224,53,27,22,157,321,132,.489,18,67,.269,89,.674
Peyton Watson,12.8,20,/players/w/watsope01.html,32,405,105,92,26,19,19,38,118,32,.322,7,31,.226,22,.688
Blake Wesley,3.5,19,/players/w/weslebl01.html,35,1027,504,129,84,44,2,178,441,143,.404,54,178,.303,94,.657
Coby White,12.2,22,/players/w/whiteco01.html,35,999,562,124,143,38,11,188,444,130,.423,82,232,.353,104,.800
Derrick White,15.3,28,/players/w/whitede01.html,34,1116,615,139,148,42,49,205,404,182,.507,57,144,.396,148,.813
Jack White,12.6,25,/players/w/whiteja03.html,10,61,21,13,1,1,2,6,9,10,.667,1,2,.500,8,.800
Joe Wieskamp,5.6,23,/players/w/wieskjo01.html,35,971,388,172,39,31,16,125,256,103,.488,59,139,.424,79,.767
Aaron Wiggins,11.3,24,/players/w/wiggiaa01.html,34,798,282,113,27,26,6,97,252,30,.385,62,150,.413,26,.867
Andrew Wiggins,14.8,27,/players/w/wiggian01.html,35,1148,597,205,54,41,34,189,422,227,.448,43,126,.341,176,.775
Lindell Wigginton,10.7,24,/players/w/wiggili01.html,31,1022,518,116,88,28,13,171,413,162,.414,69,172,.401,107,.660
Alondes Williams,-20.9,23,/players/w/willial06.html,31,516,187,60,18,11,2,71,162,44,.438,17,60,.283,28,.636
Donovan Williams,14.5,21,/players/w/willido02.html,26,285,86,26,8,13,4,32,87,17,.368,10,41,.244,12,.706
Grant Williams,9.7,24,/players/w/willigr01.html,32,814,402,189,36,26,61,132,262,189,.504,12,32,.375,126,.667
Jalen Williams,15.6,21,/players/w/willija06.html,33,841,254,94,62,44,17,89,204,59,.436,31,88,.352,45,.763
Jaylin Williams,11.2,20,/players/w/willija07.html,26,414,96,121,21,12,18,33,69,31,.478,7,23,.304,23,.742
Kenrich Williams,12.2,28,/players/w/willike04.html,33,917,283,221,46,30,32,102,214,112,.477,11,31,.355,68,.607
Mark Williams,19.8,21,/players/w/willima07.html,23,350,164,103,17,13,32,71,107,41,.664,0,0,0,22,.537
Patrick Williams,11.1,21,/players/w/willipa01.html,29,653,268,116,29,29,30,95,207,74,.459,16,50,.320,62,.838
Robert Williams,22.3,25,/players/w/williro04.html,31,801,369,253,44,21,77,154,276,100,.558,2,18,.111,59,.590
Vince Williams Jr.,3.9,22,/players/w/willivi01.html,33,512,161,109,34,34,13,50,109,80,.459,6,25,.240,55,.688
Ziaire Williams,9.0,21,/players/w/willizi02.html,20,558,214,91,44,17,11,76,203,49,.374,23,79,.291,39,.796
Zion Williamson,26.0,22,/players/w/willizi01.html,33,990,746,293,68,70,59,296,435,203,.680,24,71,.338,130,.640
Dylan Windler,9.9,26,/players/w/windldy01.html,32,590,139,145,29,20,19,49,99,45,.495,11,46,.239,30,.667
Justise Winslow,10.3,26,/players/w/winslju01.html,39,1135,492,252,82,52,34,173,356,156,.486,46,110,.418,100,.641
James Wiseman,14.4,21,/players/w/wisemja01.html,3,69,59,32,1,1,9,20,26,27,.769,0,1,.000,19,.704
Christian Wood,20.4,27,/players/w/woodch01.html,30,390,135,97,10,10,29,48,117,35,.410,11,50,.220,28,.800
Delon Wright,15.6,30,/players/w/wrighde01.html,33,1202,513,224,174,82,43,174,310,193,.561,12,54,.222,153,.793
McKinley Wright IV,12.3,24,/players/w/wrighmc01.html,32,1042,454,149,175,31,14,166,368,122,.451,28,92,.304,94,.770
Gabe York,12.1,29,/players/y/yorkga01.html,15,87,36,5,9,2,0,13,32,4,.406,8,23,.348,2,.500
Trae Young,22.2,24,/players/y/youngtr01.html,32,1133,876,125,279,54,8,261,618,274,.422,118,328,.360,236,.861
Omer Yurtseven,17.3,24,/players/y/yurtsom01.html,22,416,130,96,26,4,16,53,116,32,.457,1,3,.333,23,.719
Cody Zeller,16.2,30,/players/z/zelleco01.html,36,1025,563,236,45,49,42,200,321,216,.623,0,0,0,163,.755
